Time,MagX,MagY,MagZ,AccX,AccY,AccZ,GyroX,GyroY,GyroZ,Tri1,Tri2,Tri3,Latitude,Longitude,Altitude,GPS_Time
2024-07-24T01:05:35.101366,0,0,0,-0.565185546875,-0.768310546875,-0.3990478515625,0.426829268292683,-0.24390243902439027,0.3658536585365854,0.0,0.0,0.0,42.75,-84.99,0.3,0
2024-07-24T01:05:35.114136,0,0,0,-0.56982421875,-0.7672119140625,-0.4014892578125,0.30487804878048785,-0.15243902439024393,0.30487804878048785,0.0,0.0,0.0,42.75,-84.99,0.3,0
2024-07-24T01:05:35.127288,0,0,0,-0.56640625,-0.7711181640625,-0.39404296875,0.3658536585365854,-0.09146341463414635,0.4573170731707317,0.0,0.0,0.0,42.75,-84.99,0.3,0
2024-07-24T01:05:35.140458,0,0,0,-0.56787109375,-0.7679443359375,-0.3984375,0.3353658536585366,0.030487804878048783,0.3658536585365854,0.0,0.0,0.0,42.75,-84.99,0.3,0
2024-07-24T01:05:35.153467,0,0,0,-0.5672607421875,-0.7703857421875,-0.401611328125,0.2134146341463415,-0.09146341463414635,0.39634146341463417,0.0,0.0,0.0,42.75,-84.99,0.3,0
2024-07-24T01:05:35.167610,0,0,0,-0.56689453125,-0.768798828125,-0.3984375,0.3353658536585366,-0.12195121951219513,0.5182926829268293,0.0,0.0,0.0,42.75,-84.99,0.3,0
2024-07-24T01:05:35.180094,0,0,0,-0.56689453125,-0.7696533203125,-0.4000244140625,0.0,0.030487804878048783,0.30487804878048785,0.0,0.0,0.0,42.75,-84.99,0.3,0
2024-07-24T01:05:35.192727,0,0,0,-0.5714111328125,-0.767822265625,-0.3978271484375,0.3353658536585366,-0.06097560975609757,0.6402439024390244,0.0,0.0,0.0,42.75,-84.99,0.3,0
2024-07-24T01:05:35.205667,0,0,0,-0.5673828125,-0.76708984375,-0.3995361328125,0.1829268292682927,-0.27439024390243905,0.426829268292683,0.0,0.0,0.0,42.75,-84.99,0.3,0
2024-07-24T01:05:35.218649,0,0,0,-0.567138671875,-0.769287109375,-0.4031982421875,0.1829268292682927,-0.030487804878048783,0.30487804878048785,0.0,0.0,0.0,42.75,-84.99,0.3,0
2024-07-24T01:05:35.231763,0,0,0,-0.568359375,-0.771484375,-0.3995361328125,0.3658536585365854,-0.030487804878048783,0.15243902439024393,0.0,0.0,0.0,42.75,-84.99,0.3,0
2024-07-24T01:05:35.244974,0,0,0,-0.5706787109375,-0.7669677734375,-0.3997802734375,0.15243902439024393,-0.12195121951219513,0.30487804878048785,0.0,0.0,0.0,42.75,-84.99,0.3,0
2024-07-24T01:05:35.257806,0,0,0,-0.5701904296875,-0.7752685546875,-0.3973388671875,0.2134146341463415,0.12195121951219513,0.3658536585365854,0.0,0.0,0.0,42.75,-84.99,0.3,0
2024-07-24T01:05:35.271120,0,0,0,-0.572265625,-0.7677001953125,-0.4012451171875,0.426829268292683,-0.12195121951219513,0.30487804878048785,0.0,0.0,0.0,42.75,-84.99,0.3,0
2024-07-24T01:05:35.283975,0,0,0,-0.5687255859375,-0.76953125,-0.4000244140625,0.30487804878048785,0.0,0.48780487804878053,0.0,0.0,0.0,42.75,-84.99,0.3,0
2024-07-24T01:05:35.297376,0,0,0,-0.57080078125,-0.763671875,-0.397705078125,0.3353658536585366,-0.27439024390243905,0.12195121951219513,0.0,0.0,0.0,42.75,-84.99,0.3,0
2024-07-24T01:05:35.311100,0,0,0,-0.564208984375,-0.7674560546875,-0.3970947265625,0.426829268292683,-0.12195121951219513,0.30487804878048785,0.0,0.0,0.0,42.75,-84.99,0.3,0
2024-07-24T01:05:35.323774,0,0,0,-0.568603515625,-0.7708740234375,-0.4010009765625,0.48780487804878053,-0.09146341463414635,0.426829268292683,0.0,0.0,0.0,42.75,-84.99,0.3,0
2024-07-24T01:05:35.336648,0,0,0,-0.566162109375,-0.7679443359375,-0.403564453125,0.3658536585365854,-0.2134146341463415,0.3353658536585366,0.0,0.0,0.0,42.75,-84.99,0.3,0
2024-07-24T01:05:35.350510,0,0,0,-0.5667724609375,-0.767333984375,-0.400390625,0.3353658536585366,-0.1829268292682927,0.1829268292682927,0.0,0.0,0.0,42.75,-84.99,0.3,0
2024-07-24T01:05:35.364099,0,0,0,-0.566650390625,-0.7733154296875,-0.3992919921875,0.48780487804878053,-0.2134146341463415,0.2134146341463415,0.0,0.0,0.0,42.75,-84.99,0.3,0
2024-07-24T01:05:35.376688,0,0,0,-0.56884765625,-0.768798828125,-0.3966064453125,0.4573170731707317,-0.2134146341463415,0.1829268292682927,0.0,0.0,0.0,42.75,-84.99,0.3,0
2024-07-24T01:05:35.389208,0,0,0,-0.5689697265625,-0.770263671875,-0.3994140625,0.3658536585365854,0.030487804878048783,0.30487804878048785,0.0,0.0,0.0,42.75,-84.99,0.3,0
2024-07-24T01:05:35.401928,0,0,0,-0.570556640625,-0.7713623046875,-0.3984375,0.3353658536585366,-0.030487804878048783,0.30487804878048785,0.0,0.0,0.0,42.75,-84.99,0.3,0
2024-07-24T01:05:35.414997,0,0,0,-0.571044921875,-0.7691650390625,-0.4014892578125,0.48780487804878053,0.09146341463414635,0.24390243902439027,0.0,0.0,0.0,42.75,-84.99,0.3,0
2024-07-24T01:05:35.427897,0,0,0,-0.5728759765625,-0.767578125,-0.399658203125,0.2134146341463415,-0.09146341463414635,0.1829268292682927,0.0,0.0,0.0,42.75,-84.99,0.3,0
2024-07-24T01:05:35.440936,0,0,0,-0.5703125,-0.7706298828125,-0.3975830078125,0.426829268292683,-0.12195121951219513,0.1829268292682927,0.0,0.0,0.0,42.75,-84.99,0.3,0
2024-07-24T01:05:35.453959,0,0,0,-0.57080078125,-0.76904296875,-0.399658203125,0.48780487804878053,-0.1829268292682927,0.1829268292682927,0.0,0.0,0.0,42.75,-84.99,0.3,0
2024-07-24T01:05:35.467059,0,0,0,-0.5728759765625,-0.769775390625,-0.39794921875,0.6707317073170732,-0.06097560975609757,0.3658536585365854,0.0,0.0,0.0,42.75,-84.99,0.3,0
2024-07-24T01:05:35.480450,0,0,0,-0.56689453125,-0.769287109375,-0.400390625,0.15243902439024393,0.12195121951219513,0.09146341463414635,0.0,0.0,0.0,42.75,-84.99,0.3,0
2024-07-24T01:05:35.493627,0,0,0,-0.5736083984375,-0.769775390625,-0.400634765625,0.6402439024390244,0.12195121951219513,0.24390243902439027,0.0,0.0,0.0,42.75,-84.99,0.3,0
2024-07-24T01:05:35.506794,0,0,0,-0.56982421875,-0.7706298828125,-0.3970947265625,0.4573170731707317,0.24390243902439027,0.2134146341463415,0.0,0.0,0.0,42.75,-84.99,0.3,0
2024-07-24T01:05:35.519674,0,0,0,-0.566650390625,-0.766357421875,-0.400634765625,0.426829268292683,-0.3658536585365854,0.3353658536585366,0.0,0.0,0.0,42.75,-84.99,0.3,0
2024-07-24T01:05:35.532603,0,0,0,-0.5703125,-0.7684326171875,-0.401123046875,0.3353658536585366,0.030487804878048783,0.4573170731707317,0.0,0.0,0.0,42.75,-84.99,0.3,0
2024-07-24T01:05:35.545929,0,0,0,-0.571533203125,-0.7720947265625,-0.3975830078125,0.5487804878048781,0.030487804878048783,0.30487804878048785,0.0,0.0,0.0,42.75,-84.99,0.3,0
2024-07-24T01:05:35.558596,0,0,0,-0.570068359375,-0.7662353515625,-0.3983154296875,0.39634146341463417,-0.2134146341463415,0.09146341463414635,0.0,0.0,0.0,42.75,-84.99,0.3,0
2024-07-24T01:05:35.571672,0,0,0,-0.5657958984375,-0.768798828125,-0.400390625,0.3658536585365854,-0.2134146341463415,0.1829268292682927,0.0,0.0,0.0,42.75,-84.99,0.3,0
2024-07-24T01:05:35.584823,0,0,0,-0.5697021484375,-0.77001953125,-0.399169921875,0.7317073170731708,-0.24390243902439027,0.24390243902439027,0.0,0.0,0.0,42.75,-84.99,0.3,0
2024-07-24T01:05:35.598186,0,0,0,-0.5704345703125,-0.766357421875,-0.3995361328125,0.3658536585365854,0.09146341463414635,0.1829268292682927,0.0,0.0,0.0,42.75,-84.99,0.3,0
2024-07-24T01:05:35.611530,0,0,0,-0.5653076171875,-0.765869140625,-0.3975830078125,0.5487804878048781,0.0,0.1829268292682927,0.0,0.0,0.0,42.75,-84.99,0.3,0
2024-07-24T01:05:35.625429,0,0,0,-0.5703125,-0.764892578125,-0.399658203125,0.5487804878048781,0.09146341463414635,0.15243902439024393,0.0,0.0,0.0,42.75,-84.99,0.3,0
2024-07-24T01:05:35.637687,0,0,0,-0.5638427734375,-0.7691650390625,-0.3992919921875,0.48780487804878053,-0.09146341463414635,0.06097560975609757,0.0,0.0,0.0,42.75,-84.99,0.3,0
2024-07-24T01:05:35.650509,0,0,0,-0.565185546875,-0.7694091796875,-0.3963623046875,0.6097560975609757,-0.030487804878048783,0.3353658536585366,0.0,0.0,0.0,42.75,-84.99,0.3,0
2024-07-24T01:05:35.663544,0,0,0,-0.570556640625,-0.7696533203125,-0.3990478515625,0.5792682926829269,0.06097560975609757,0.27439024390243905,0.0,0.0,0.0,42.75,-84.99,0.3,0
2024-07-24T01:05:35.676638,0,0,0,-0.565673828125,-0.763916015625,-0.4012451171875,0.3353658536585366,0.09146341463414635,0.5487804878048781,0.0,0.0,0.0,42.75,-84.99,0.3,0
2024-07-24T01:05:35.690577,0,0,0,-0.5667724609375,-0.7698974609375,-0.40185546875,0.30487804878048785,-0.1829268292682927,-0.030487804878048783,0.0,0.0,0.0,42.75,-84.99,0.3,0
2024-07-24T01:05:35.703138,0,0,0,-0.564208984375,-0.764892578125,-0.3973388671875,0.5487804878048781,-0.1829268292682927,0.1829268292682927,0.0,0.0,0.0,42.75,-84.99,0.3,0
2024-07-24T01:05:35.715827,0,0,0,-0.570068359375,-0.766845703125,-0.3973388671875,0.6707317073170732,-0.06097560975609757,0.3658536585365854,0.0,0.0,0.0,42.75,-84.99,0.3,0
2024-07-24T01:05:35.729691,0,0,0,-0.57177734375,-0.76806640625,-0.4022216796875,0.48780487804878053,0.0,0.27439024390243905,0.0,0.0,0.0,42.75,-84.99,0.3,0
2024-07-24T01:05:35.742458,0,0,0,-0.5701904296875,-0.7662353515625,-0.39990234375,0.4573170731707317,-0.1829268292682927,0.2134146341463415,0.0,0.0,0.0,42.75,-84.99,0.3,0
2024-07-24T01:05:35.755644,0,0,0,-0.5648193359375,-0.7672119140625,-0.403076171875,0.48780487804878053,0.0,-0.09146341463414635,0.0,0.0,0.0,42.75,-84.99,0.3,0
2024-07-24T01:05:35.768678,0,0,0,-0.5699462890625,-0.7657470703125,-0.399169921875,0.426829268292683,-0.06097560975609757,0.030487804878048783,0.0,0.0,0.0,42.75,-84.99,0.3,0
2024-07-24T01:05:35.781584,0,0,0,-0.567626953125,-0.769287109375,-0.398681640625,0.6097560975609757,0.12195121951219513,0.06097560975609757,0.0,0.0,0.0,42.75,-84.99,0.3,0
2024-07-24T01:05:35.796812,0,0,0,-0.568115234375,-0.7686767578125,-0.3963623046875,0.4573170731707317,0.15243902439024393,0.4573170731707317,0.0,0.0,0.0,42.75,-84.99,0.3,0
2024-07-24T01:05:35.809177,0,0,0,-0.5677490234375,-0.76708984375,-0.401123046875,0.48780487804878053,0.06097560975609757,0.1829268292682927,0.0,0.0,0.0,42.75,-84.99,0.3,0
2024-07-24T01:05:35.820606,0,0,0,-0.5677490234375,-0.767578125,-0.396240234375,0.39634146341463417,-0.12195121951219513,-0.15243902439024393,0.0,0.0,0.0,42.75,-84.99,0.3,0
2024-07-24T01:05:35.834174,0,0,0,-0.566650390625,-0.7681884765625,-0.3992919921875,0.7621951219512195,-0.09146341463414635,0.1829268292682927,0.0,0.0,0.0,42.75,-84.99,0.3,0
2024-07-24T01:05:35.846825,0,0,0,-0.56689453125,-0.7728271484375,-0.3948974609375,0.5487804878048781,0.06097560975609757,0.3658536585365854,0.0,0.0,0.0,42.75,-84.99,0.3,0
2024-07-24T01:05:35.859908,0,0,0,-0.5689697265625,-0.7703857421875,-0.4031982421875,0.6402439024390244,-0.030487804878048783,0.3353658536585366,0.0,0.0,0.0,42.75,-84.99,0.3,0
2024-07-24T01:05:35.872551,0,0,0,-0.564697265625,-0.7684326171875,-0.40185546875,0.6097560975609757,0.12195121951219513,0.3353658536585366,0.0,0.0,0.0,42.75,-84.99,0.3,0
2024-07-24T01:05:35.885597,0,0,0,-0.5654296875,-0.7679443359375,-0.396728515625,0.27439024390243905,-0.06097560975609757,0.030487804878048783,0.0,0.0,0.0,42.75,-84.99,0.3,0
2024-07-24T01:05:35.898682,0,0,0,-0.5667724609375,-0.7666015625,-0.4019775390625,0.6097560975609757,-0.030487804878048783,-0.09146341463414635,0.0,0.0,0.0,42.75,-84.99,0.3,0
2024-07-24T01:05:35.911905,0,0,0,-0.569091796875,-0.7730712890625,-0.4044189453125,0.5487804878048781,0.12195121951219513,0.3353658536585366,0.0,0.0,0.0,42.75,-84.99,0.3,0
2024-07-24T01:05:35.925312,0,0,0,-0.5670166015625,-0.770751953125,-0.40087890625,0.5182926829268293,-0.030487804878048783,0.2134146341463415,0.0,0.0,0.0,42.75,-84.99,0.3,0
2024-07-24T01:05:35.938033,0,0,0,-0.56494140625,-0.7696533203125,-0.403564453125,0.3658536585365854,-0.06097560975609757,-0.12195121951219513,0.0,0.0,0.0,42.75,-84.99,0.3,0
2024-07-24T01:05:35.951024,0,0,0,-0.568603515625,-0.7669677734375,-0.4019775390625,0.30487804878048785,-0.1829268292682927,0.0,0.0,0.0,0.0,42.75,-84.99,0.3,0
2024-07-24T01:05:35.964203,0,0,0,-0.5703125,-0.7684326171875,-0.3966064453125,0.6402439024390244,0.1829268292682927,0.1829268292682927,0.0,0.0,0.0,42.75,-84.99,0.3,0
2024-07-24T01:05:35.977830,0,0,0,-0.565185546875,-0.767333984375,-0.3984375,0.701219512195122,0.06097560975609757,0.30487804878048785,0.0,0.0,0.0,42.75,-84.99,0.3,0
2024-07-24T01:05:35.990560,0,0,0,-0.5692138671875,-0.7657470703125,-0.400634765625,0.4573170731707317,-0.06097560975609757,0.24390243902439027,0.0,0.0,0.0,42.75,-84.99,0.3,0
2024-07-24T01:05:36.003503,0,0,0,-0.571533203125,-0.768310546875,-0.3995361328125,0.48780487804878053,0.12195121951219513,0.09146341463414635,0.0,0.0,0.0,42.75,-84.99,0.3,0
2024-07-24T01:05:36.016551,0,0,0,-0.5672607421875,-0.7657470703125,-0.40087890625,0.12195121951219513,0.030487804878048783,-0.1829268292682927,0.0,0.0,0.0,42.75,-84.99,0.3,0
2024-07-24T01:05:36.030013,0,0,0,-0.5654296875,-0.7686767578125,-0.397216796875,0.701219512195122,-0.1829268292682927,0.030487804878048783,0.0,0.0,0.0,42.75,-84.99,0.3,0
2024-07-24T01:05:36.042701,0,0,0,-0.56640625,-0.7706298828125,-0.3974609375,0.5487804878048781,0.09146341463414635,0.2134146341463415,0.0,0.0,0.0,42.75,-84.99,0.3,0
2024-07-24T01:05:36.055902,0,0,0,-0.5665283203125,-0.7684326171875,-0.3994140625,0.5792682926829269,-0.27439024390243905,0.09146341463414635,0.0,0.0,0.0,42.75,-84.99,0.3,0
2024-07-24T01:05:36.068748,0,0,0,-0.5692138671875,-0.767333984375,-0.39892578125,0.48780487804878053,-0.12195121951219513,0.12195121951219513,0.0,0.0,0.0,42.75,-84.99,0.3,0
2024-07-24T01:05:36.081977,0,0,0,-0.5673828125,-0.76806640625,-0.4002685546875,0.426829268292683,-0.06097560975609757,0.030487804878048783,0.0,0.0,0.0,42.75,-84.99,0.3,0
2024-07-24T01:05:36.094865,0,0,0,-0.5726318359375,-0.773681640625,-0.4007568359375,0.5182926829268293,-0.09146341463414635,0.030487804878048783,0.0,0.0,0.0,42.75,-84.99,0.3,0
2024-07-24T01:05:36.108115,0,0,0,-0.5657958984375,-0.767578125,-0.3995361328125,0.5487804878048781,0.09146341463414635,0.27439024390243905,0.0,0.0,0.0,42.75,-84.99,0.3,0
2024-07-24T01:05:36.121254,0,0,0,-0.5643310546875,-0.7645263671875,-0.394775390625,0.5182926829268293,-0.1829268292682927,-0.06097560975609757,0.0,0.0,0.0,42.75,-84.99,0.3,0
2024-07-24T01:05:36.134392,0,0,0,-0.56884765625,-0.7689208984375,-0.4034423828125,0.6097560975609757,-0.12195121951219513,0.030487804878048783,0.0,0.0,0.0,42.75,-84.99,0.3,0
2024-07-24T01:05:36.147516,0,0,0,-0.56640625,-0.7681884765625,-0.400634765625,0.6402439024390244,-0.15243902439024393,0.12195121951219513,0.0,0.0,0.0,42.75,-84.99,0.3,0
2024-07-24T01:05:36.160723,0,0,0,-0.5692138671875,-0.7689208984375,-0.404296875,0.48780487804878053,-0.15243902439024393,0.06097560975609757,0.0,0.0,0.0,42.75,-84.99,0.3,0
2024-07-24T01:05:36.173389,0,0,0,-0.57080078125,-0.766845703125,-0.398681640625,0.5487804878048781,-0.06097560975609757,0.06097560975609757,0.0,0.0,0.0,42.75,-84.99,0.3,0
2024-07-24T01:05:36.186668,0,0,0,-0.5670166015625,-0.7696533203125,-0.400390625,0.426829268292683,-0.030487804878048783,0.2134146341463415,0.0,0.0,0.0,42.75,-84.99,0.3,0
2024-07-24T01:05:36.199752,0,0,0,-0.5694580078125,-0.768798828125,-0.4022216796875,0.6402439024390244,-0.24390243902439027,-0.1829268292682927,0.0,0.0,0.0,42.75,-84.99,0.3,0
2024-07-24T01:05:36.212856,0,0,0,-0.5682373046875,-0.769775390625,-0.397216796875,0.48780487804878053,-0.09146341463414635,0.0,0.0,0.0,0.0,42.75,-84.99,0.3,0
2024-07-24T01:05:36.225752,0,0,0,-0.5726318359375,-0.769775390625,-0.4014892578125,0.39634146341463417,-0.1829268292682927,0.030487804878048783,0.0,0.0,0.0,42.75,-84.99,0.3,0
2024-07-24T01:05:36.238972,0,0,0,-0.570556640625,-0.768310546875,-0.4036865234375,0.7317073170731708,0.24390243902439027,0.3658536585365854,0.0,0.0,0.0,42.75,-84.99,0.3,0
2024-07-24T01:05:36.251869,0,0,0,-0.568359375,-0.7667236328125,-0.3973388671875,0.48780487804878053,-0.030487804878048783,0.0,0.0,0.0,0.0,42.75,-84.99,0.3,0
2024-07-24T01:05:36.264889,0,0,0,-0.5711669921875,-0.763671875,-0.3994140625,0.3353658536585366,-0.09146341463414635,0.09146341463414635,0.0,0.0,0.0,42.75,-84.99,0.3,0
2024-07-24T01:05:36.278124,0,0,0,-0.5718994140625,-0.770263671875,-0.3992919921875,0.5792682926829269,0.0,0.15243902439024393,0.0,0.0,0.0,42.75,-84.99,0.3,0
2024-07-24T01:05:36.291267,0,0,0,-0.56396484375,-0.7703857421875,-0.397216796875,0.5792682926829269,-0.15243902439024393,-0.06097560975609757,0.0,0.0,0.0,42.75,-84.99,0.3,0
2024-07-24T01:05:36.304347,0,0,0,-0.56884765625,-0.768798828125,-0.3994140625,0.5487804878048781,-0.09146341463414635,0.24390243902439027,0.0,0.0,0.0,42.75,-84.99,0.3,0
2024-07-24T01:05:36.317396,0,0,0,-0.567626953125,-0.767578125,-0.4013671875,0.6707317073170732,0.030487804878048783,0.030487804878048783,0.0,0.0,0.0,42.75,-84.99,0.3,0
2024-07-24T01:05:36.330458,0,0,0,-0.5657958984375,-0.7667236328125,-0.400390625,0.426829268292683,0.1829268292682927,0.09146341463414635,0.0,0.0,0.0,42.75,-84.99,0.3,0
2024-07-24T01:05:36.343550,0,0,0,-0.5673828125,-0.771484375,-0.400634765625,0.4573170731707317,-0.1829268292682927,0.06097560975609757,0.0,0.0,0.0,42.75,-84.99,0.3,0
2024-07-24T01:05:36.356764,0,0,0,-0.568603515625,-0.768310546875,-0.3978271484375,0.5182926829268293,-0.12195121951219513,0.030487804878048783,0.0,0.0,0.0,42.75,-84.99,0.3,0
2024-07-24T01:05:36.369825,0,0,0,-0.5667724609375,-0.7659912109375,-0.3994140625,0.6402439024390244,-0.12195121951219513,0.39634146341463417,0.0,0.0,0.0,42.75,-84.99,0.3,0
2024-07-24T01:05:36.382835,0,0,0,-0.56884765625,-0.7691650390625,-0.3994140625,0.6097560975609757,0.1829268292682927,0.24390243902439027,0.0,0.0,0.0,42.75,-84.99,0.3,0
2024-07-24T01:05:36.395924,0,0,0,-0.5679931640625,-0.76953125,-0.3988037109375,0.5487804878048781,0.12195121951219513,-0.2134146341463415,0.0,0.0,0.0,42.75,-84.99,0.3,0
2024-07-24T01:05:36.408836,0,0,0,-0.565185546875,-0.77001953125,-0.401123046875,0.48780487804878053,-0.06097560975609757,0.06097560975609757,0.0,0.0,0.0,42.75,-84.99,0.3,0
2024-07-24T01:05:36.422144,0,0,0,-0.5760498046875,-0.7672119140625,-0.4005126953125,0.6097560975609757,-0.09146341463414635,0.06097560975609757,0.0,0.0,0.0,42.75,-84.99,0.3,0
2024-07-24T01:05:36.435556,0,0,0,-0.5684814453125,-0.763671875,-0.403076171875,0.5487804878048781,-0.09146341463414635,0.24390243902439027,0.0,0.0,0.0,42.75,-84.99,0.3,0
2024-07-24T01:05:36.450570,0,0,0,-0.5653076171875,-0.770751953125,-0.3990478515625,0.4573170731707317,0.12195121951219513,0.426829268292683,0.0,0.0,0.0,42.75,-84.99,0.3,0
2024-07-24T01:05:36.461353,0,0,0,-0.5660400390625,-0.7730712890625,-0.3975830078125,0.7926829268292683,-0.15243902439024393,0.06097560975609757,0.0,0.0,0.0,42.75,-84.99,0.3,0
2024-07-24T01:05:36.474422,0,0,0,-0.568603515625,-0.7686767578125,-0.3956298828125,0.6707317073170732,-0.12195121951219513,0.030487804878048783,0.0,0.0,0.0,42.75,-84.99,0.3,0
2024-07-24T01:05:36.487552,0,0,0,-0.5682373046875,-0.7705078125,-0.3974609375,0.39634146341463417,-0.030487804878048783,0.030487804878048783,0.0,0.0,0.0,42.75,-84.99,0.3,0
2024-07-24T01:05:36.500773,0,0,0,-0.5682373046875,-0.76708984375,-0.4022216796875,0.426829268292683,-0.09146341463414635,0.15243902439024393,0.0,0.0,0.0,42.75,-84.99,0.3,0
2024-07-24T01:05:36.513727,0,0,0,-0.568115234375,-0.7669677734375,-0.4027099609375,0.6707317073170732,0.1829268292682927,0.0,0.0,0.0,0.0,42.75,-84.99,0.3,0
2024-07-24T01:05:36.526820,0,0,0,-0.568359375,-0.7674560546875,-0.396484375,0.39634146341463417,-0.15243902439024393,0.12195121951219513,0.0,0.0,0.0,42.75,-84.99,0.3,0
2024-07-24T01:05:36.539737,0,0,0,-0.5677490234375,-0.7686767578125,-0.39794921875,0.5792682926829269,-0.06097560975609757,0.1829268292682927,0.0,0.0,0.0,42.75,-84.99,0.3,0
2024-07-24T01:05:36.552825,0,0,0,-0.5662841796875,-0.7681884765625,-0.401611328125,0.426829268292683,0.12195121951219513,0.15243902439024393,0.0,0.0,0.0,42.75,-84.99,0.3,0
2024-07-24T01:05:36.566103,0,0,0,-0.56640625,-0.771240234375,-0.398193359375,0.5487804878048781,-0.06097560975609757,0.15243902439024393,0.0,0.0,0.0,42.75,-84.99,0.3,0
2024-07-24T01:05:36.578973,0,0,0,-0.5712890625,-0.76708984375,-0.400634765625,0.7317073170731708,0.12195121951219513,-0.030487804878048783,0.0,0.0,0.0,42.75,-84.99,0.3,0
2024-07-24T01:05:36.592134,0,0,0,-0.566650390625,-0.767333984375,-0.4017333984375,0.5792682926829269,0.12195121951219513,0.24390243902439027,0.0,0.0,0.0,42.75,-84.99,0.3,0
2024-07-24T01:05:36.605355,0,0,0,-0.565185546875,-0.769287109375,-0.4000244140625,0.4573170731707317,-0.12195121951219513,-0.1829268292682927,0.0,0.0,0.0,42.75,-84.99,0.3,0
2024-07-24T01:05:36.618301,0,0,0,-0.5665283203125,-0.768310546875,-0.4019775390625,0.5792682926829269,0.0,0.12195121951219513,0.0,0.0,0.0,42.75,-84.99,0.3,0
2024-07-24T01:05:36.631605,0,0,0,-0.5697021484375,-0.7666015625,-0.3994140625,0.6097560975609757,0.0,0.24390243902439027,0.0,0.0,0.0,42.75,-84.99,0.3,0
2024-07-24T01:05:36.644625,0,0,0,-0.5740966796875,-0.766357421875,-0.3995361328125,0.7926829268292683,0.06097560975609757,0.09146341463414635,0.0,0.0,0.0,42.75,-84.99,0.3,0
2024-07-24T01:05:36.657716,0,0,0,-0.56494140625,-0.7652587890625,-0.3997802734375,0.39634146341463417,0.0,0.12195121951219513,0.0,0.0,0.0,42.75,-84.99,0.3,0
2024-07-24T01:05:36.670765,0,0,0,-0.5672607421875,-0.7713623046875,-0.3944091796875,0.3353658536585366,-0.06097560975609757,0.06097560975609757,0.0,0.0,0.0,42.75,-84.99,0.3,0
2024-07-24T01:05:36.683864,0,0,0,-0.5643310546875,-0.7745361328125,-0.399658203125,0.6402439024390244,0.030487804878048783,0.2134146341463415,0.0,0.0,0.0,42.75,-84.99,0.3,0
2024-07-24T01:05:36.697011,0,0,0,-0.5709228515625,-0.7659912109375,-0.3985595703125,0.5792682926829269,0.12195121951219513,0.15243902439024393,0.0,0.0,0.0,42.75,-84.99,0.3,0
2024-07-24T01:05:36.709922,0,0,0,-0.5682373046875,-0.7716064453125,-0.3975830078125,0.7621951219512195,-0.24390243902439027,0.24390243902439027,0.0,0.0,0.0,42.75,-84.99,0.3,0
2024-07-24T01:05:36.723149,0,0,0,-0.566162109375,-0.7666015625,-0.3980712890625,0.48780487804878053,0.09146341463414635,0.06097560975609757,0.0,0.0,0.0,42.75,-84.99,0.3,0
2024-07-24T01:05:36.736051,0,0,0,-0.568359375,-0.7684326171875,-0.39990234375,0.5487804878048781,-0.426829268292683,0.0,0.0,0.0,0.0,42.75,-84.99,0.3,0
2024-07-24T01:05:36.750030,0,0,0,-0.5654296875,-0.7686767578125,-0.400390625,0.48780487804878053,-0.15243902439024393,0.30487804878048785,0.0,0.0,0.0,42.75,-84.99,0.3,0
2024-07-24T01:05:36.762338,0,0,0,-0.570068359375,-0.7689208984375,-0.3978271484375,0.5182926829268293,0.030487804878048783,0.27439024390243905,0.0,0.0,0.0,42.75,-84.99,0.3,0
2024-07-24T01:05:36.775349,0,0,0,-0.57080078125,-0.76513671875,-0.3985595703125,0.6097560975609757,0.1829268292682927,0.24390243902439027,0.0,0.0,0.0,42.75,-84.99,0.3,0
2024-07-24T01:05:36.788357,0,0,0,-0.5640869140625,-0.7662353515625,-0.3980712890625,0.6097560975609757,0.15243902439024393,0.0,0.0,0.0,0.0,42.75,-84.99,0.3,0
2024-07-24T01:05:36.801508,0,0,0,-0.5634765625,-0.7691650390625,-0.3978271484375,0.27439024390243905,-0.24390243902439027,-0.030487804878048783,0.0,0.0,0.0,42.75,-84.99,0.3,0
2024-07-24T01:05:36.815083,0,0,0,-0.5657958984375,-0.7703857421875,-0.3980712890625,0.6097560975609757,0.09146341463414635,0.5182926829268293,0.0,0.0,0.0,42.75,-84.99,0.3,0
2024-07-24T01:05:36.828066,0,0,0,-0.5728759765625,-0.7679443359375,-0.4010009765625,0.7621951219512195,0.09146341463414635,0.39634146341463417,0.0,0.0,0.0,42.75,-84.99,0.3,0
2024-07-24T01:05:36.840865,0,0,0,-0.5660400390625,-0.7685546875,-0.4007568359375,0.6097560975609757,-0.030487804878048783,0.2134146341463415,0.0,0.0,0.0,42.75,-84.99,0.3,0
2024-07-24T01:05:36.853807,0,0,0,-0.5679931640625,-0.763916015625,-0.396728515625,0.5792682926829269,0.0,0.1829268292682927,0.0,0.0,0.0,42.75,-84.99,0.3,0
2024-07-24T01:05:36.866932,0,0,0,-0.5697021484375,-0.7694091796875,-0.4000244140625,0.5182926829268293,-0.09146341463414635,-0.12195121951219513,0.0,0.0,0.0,42.75,-84.99,0.3,0
2024-07-24T01:05:36.880668,0,0,0,-0.568603515625,-0.7713623046875,-0.3985595703125,0.6402439024390244,0.06097560975609757,0.12195121951219513,0.0,0.0,0.0,42.75,-84.99,0.3,0
2024-07-24T01:05:36.893356,0,0,0,-0.564453125,-0.7677001953125,-0.40087890625,0.48780487804878053,0.09146341463414635,0.426829268292683,0.0,0.0,0.0,42.75,-84.99,0.3,0
2024-07-24T01:05:36.906281,0,0,0,-0.5672607421875,-0.76806640625,-0.39990234375,0.5487804878048781,-0.1829268292682927,-0.06097560975609757,0.0,0.0,0.0,42.75,-84.99,0.3,0
2024-07-24T01:05:36.919072,0,0,0,-0.56689453125,-0.768798828125,-0.4005126953125,0.3658536585365854,0.0,-0.06097560975609757,0.0,0.0,0.0,42.75,-84.99,0.3,0
2024-07-24T01:05:36.931973,0,0,0,-0.5675048828125,-0.767578125,-0.3963623046875,0.30487804878048785,-0.12195121951219513,0.0,0.0,0.0,0.0,42.75,-84.99,0.3,0
2024-07-24T01:05:36.945055,0,0,0,-0.5662841796875,-0.7647705078125,-0.399658203125,0.701219512195122,0.030487804878048783,0.39634146341463417,0.0,0.0,0.0,42.75,-84.99,0.3,0
2024-07-24T01:05:36.958109,0,0,0,-0.56494140625,-0.765625,-0.3994140625,0.5792682926829269,0.09146341463414635,0.39634146341463417,0.0,0.0,0.0,42.75,-84.99,0.3,0
2024-07-24T01:05:36.971325,0,0,0,-0.5643310546875,-0.76806640625,-0.400146484375,0.27439024390243905,-0.030487804878048783,0.06097560975609757,0.0,0.0,0.0,42.75,-84.99,0.3,0
2024-07-24T01:05:36.984399,0,0,0,-0.5677490234375,-0.768798828125,-0.3988037109375,0.4573170731707317,0.06097560975609757,-0.1829268292682927,0.0,0.0,0.0,42.75,-84.99,0.3,0
2024-07-24T01:05:36.997485,0,0,0,-0.5662841796875,-0.770751953125,-0.4022216796875,0.6402439024390244,0.0,0.030487804878048783,0.0,0.0,0.0,42.75,-84.99,0.3,0
2024-07-24T01:05:37.010618,0,0,0,-0.5667724609375,-0.7657470703125,-0.393798828125,0.426829268292683,-0.06097560975609757,0.12195121951219513,0.0,0.0,0.0,42.75,-84.99,0.3,0
2024-07-24T01:05:37.023909,0,0,0,-0.56787109375,-0.764892578125,-0.3992919921875,0.7926829268292683,0.24390243902439027,0.12195121951219513,0.0,0.0,0.0,42.75,-84.99,0.3,0
2024-07-24T01:05:37.036622,0,0,0,-0.566162109375,-0.767333984375,-0.402587890625,0.6097560975609757,-0.06097560975609757,0.09146341463414635,0.0,0.0,0.0,42.75,-84.99,0.3,0
2024-07-24T01:05:37.049997,0,0,0,-0.567138671875,-0.7625732421875,-0.3985595703125,0.7317073170731708,-0.06097560975609757,0.15243902439024393,0.0,0.0,0.0,42.75,-84.99,0.3,0
2024-07-24T01:05:37.062776,0,0,0,-0.5667724609375,-0.767333984375,-0.3939208984375,0.30487804878048785,-0.24390243902439027,-0.06097560975609757,0.0,0.0,0.0,42.75,-84.99,0.3,0
2024-07-24T01:05:37.076479,0,0,0,-0.5655517578125,-0.7652587890625,-0.39599609375,0.6097560975609757,-0.12195121951219513,0.24390243902439027,0.0,0.0,0.0,42.75,-84.99,0.3,0
2024-07-24T01:05:37.089856,0,0,0,-0.5699462890625,-0.762939453125,-0.4005126953125,0.48780487804878053,-0.09146341463414635,0.30487804878048785,0.0,0.0,0.0,42.75,-84.99,0.3,0
2024-07-24T01:05:37.102057,0,0,0,-0.565185546875,-0.765625,-0.401123046875,0.5182926829268293,-0.2134146341463415,0.12195121951219513,0.0,0.0,0.0,42.75,-84.99,0.3,0
2024-07-24T01:05:37.115146,0,0,0,-0.565185546875,-0.7679443359375,-0.397216796875,0.6707317073170732,-0.12195121951219513,-0.15243902439024393,0.0,0.0,0.0,42.75,-84.99,0.3,0
2024-07-24T01:05:37.128326,0,0,0,-0.5626220703125,-0.771484375,-0.3990478515625,0.6402439024390244,0.2134146341463415,0.030487804878048783,0.0,0.0,0.0,42.75,-84.99,0.3,0
2024-07-24T01:05:37.141387,0,0,0,-0.5692138671875,-0.7689208984375,-0.3994140625,0.5182926829268293,-0.30487804878048785,0.1829268292682927,0.0,0.0,0.0,42.75,-84.99,0.3,0
2024-07-24T01:05:37.154595,0,0,0,-0.5706787109375,-0.766845703125,-0.3985595703125,0.6402439024390244,-0.030487804878048783,0.30487804878048785,0.0,0.0,0.0,42.75,-84.99,0.3,0
2024-07-24T01:05:37.167600,0,0,0,-0.564697265625,-0.7674560546875,-0.3990478515625,0.6097560975609757,0.09146341463414635,0.15243902439024393,0.0,0.0,0.0,42.75,-84.99,0.3,0
2024-07-24T01:05:37.180613,0,0,0,-0.564453125,-0.7696533203125,-0.3983154296875,0.1829268292682927,-0.426829268292683,-0.1829268292682927,0.0,0.0,0.0,42.75,-84.99,0.3,0
2024-07-24T01:05:37.193614,0,0,0,-0.5633544921875,-0.7706298828125,-0.4014892578125,1.0060975609756098,-0.12195121951219513,-0.06097560975609757,0.0,0.0,0.0,42.75,-84.99,0.3,0
2024-07-24T01:05:37.206766,0,0,0,-0.567626953125,-0.765380859375,-0.39794921875,0.8841463414634148,0.1829268292682927,0.426829268292683,0.0,0.0,0.0,42.75,-84.99,0.3,0
2024-07-24T01:05:37.219877,0,0,0,-0.5653076171875,-0.767578125,-0.399658203125,0.5792682926829269,-0.1829268292682927,0.1829268292682927,0.0,0.0,0.0,42.75,-84.99,0.3,0
2024-07-24T01:05:37.232981,0,0,0,-0.56640625,-0.7679443359375,-0.400390625,0.5487804878048781,-0.09146341463414635,0.27439024390243905,0.0,0.0,0.0,42.75,-84.99,0.3,0
2024-07-24T01:05:37.245922,0,0,0,-0.566162109375,-0.76806640625,-0.3961181640625,0.701219512195122,0.12195121951219513,0.06097560975609757,0.0,0.0,0.0,42.75,-84.99,0.3,0
2024-07-24T01:05:37.258975,0,0,0,-0.5682373046875,-0.768310546875,-0.4031982421875,0.7317073170731708,-0.030487804878048783,0.2134146341463415,0.0,0.0,0.0,42.75,-84.99,0.3,0
2024-07-24T01:05:37.272050,0,0,0,-0.567626953125,-0.7659912109375,-0.401123046875,0.5487804878048781,-0.15243902439024393,0.24390243902439027,0.0,0.0,0.0,42.75,-84.99,0.3,0
2024-07-24T01:05:37.285133,0,0,0,-0.5699462890625,-0.7698974609375,-0.3990478515625,0.701219512195122,-0.1829268292682927,0.24390243902439027,0.0,0.0,0.0,42.75,-84.99,0.3,0
2024-07-24T01:05:37.298541,0,0,0,-0.56787109375,-0.768310546875,-0.3961181640625,0.7926829268292683,-0.12195121951219513,0.06097560975609757,0.0,0.0,0.0,42.75,-84.99,0.3,0
2024-07-24T01:05:37.311888,0,0,0,-0.5638427734375,-0.7705078125,-0.402587890625,0.24390243902439027,-0.15243902439024393,-0.2134146341463415,0.0,0.0,0.0,42.75,-84.99,0.3,0
2024-07-24T01:05:37.324908,0,0,0,-0.56591796875,-0.7664794921875,-0.39794921875,0.5792682926829269,0.0,0.12195121951219513,0.0,0.0,0.0,42.75,-84.99,0.3,0
2024-07-24T01:05:37.337485,0,0,0,-0.5665283203125,-0.7686767578125,-0.400146484375,0.5182926829268293,0.12195121951219513,0.2134146341463415,0.0,0.0,0.0,42.75,-84.99,0.3,0
2024-07-24T01:05:37.351229,0,0,0,-0.5657958984375,-0.7635498046875,-0.4019775390625,0.48780487804878053,-0.15243902439024393,-0.09146341463414635,0.0,0.0,0.0,42.75,-84.99,0.3,0
2024-07-24T01:05:37.364204,0,0,0,-0.5687255859375,-0.7725830078125,-0.3990478515625,0.426829268292683,-0.2134146341463415,0.030487804878048783,0.0,0.0,0.0,42.75,-84.99,0.3,0
2024-07-24T01:05:37.377269,0,0,0,-0.5677490234375,-0.7679443359375,-0.3961181640625,0.5487804878048781,0.06097560975609757,-0.030487804878048783,0.0,0.0,0.0,42.75,-84.99,0.3,0
2024-07-24T01:05:37.390295,0,0,0,-0.568359375,-0.771240234375,-0.3956298828125,0.7621951219512195,-0.2134146341463415,0.15243902439024393,0.0,0.0,0.0,42.75,-84.99,0.3,0
2024-07-24T01:05:37.403525,0,0,0,-0.568603515625,-0.7696533203125,-0.3973388671875,0.5182926829268293,-0.06097560975609757,0.2134146341463415,0.0,0.0,0.0,42.75,-84.99,0.3,0
2024-07-24T01:05:37.416272,0,0,0,-0.5633544921875,-0.7657470703125,-0.394775390625,0.27439024390243905,-0.06097560975609757,-0.030487804878048783,0.0,0.0,0.0,42.75,-84.99,0.3,0
2024-07-24T01:05:37.429426,0,0,0,-0.5679931640625,-0.767333984375,-0.396728515625,0.7621951219512195,0.06097560975609757,0.030487804878048783,0.0,0.0,0.0,42.75,-84.99,0.3,0
2024-07-24T01:05:37.442503,0,0,0,-0.5694580078125,-0.767822265625,-0.401123046875,0.5487804878048781,-0.030487804878048783,-0.030487804878048783,0.0,0.0,0.0,42.75,-84.99,0.3,0
2024-07-24T01:05:37.455352,0,0,0,-0.56640625,-0.7686767578125,-0.3973388671875,0.5792682926829269,-0.3353658536585366,0.09146341463414635,0.0,0.0,0.0,42.75,-84.99,0.3,0
2024-07-24T01:05:37.468618,0,0,0,-0.5712890625,-0.764892578125,-0.3958740234375,0.8231707317073171,-0.1829268292682927,0.4573170731707317,0.0,0.0,0.0,42.75,-84.99,0.3,0
2024-07-24T01:05:37.481740,0,0,0,-0.566650390625,-0.760498046875,-0.4013671875,0.6402439024390244,-0.06097560975609757,0.030487804878048783,0.0,0.0,0.0,42.75,-84.99,0.3,0
2024-07-24T01:05:37.494411,0,0,0,-0.5675048828125,-0.7677001953125,-0.3990478515625,0.5182926829268293,-0.27439024390243905,0.06097560975609757,0.0,0.0,0.0,42.75,-84.99,0.3,0
2024-07-24T01:05:37.507740,0,0,0,-0.56640625,-0.76904296875,-0.3963623046875,0.5182926829268293,0.06097560975609757,0.15243902439024393,0.0,0.0,0.0,42.75,-84.99,0.3,0
2024-07-24T01:05:37.520729,0,0,0,-0.5660400390625,-0.7657470703125,-0.39892578125,0.6402439024390244,0.06097560975609757,-0.030487804878048783,0.0,0.0,0.0,42.75,-84.99,0.3,0
2024-07-24T01:05:37.533964,0,0,0,-0.5634765625,-0.7685546875,-0.39990234375,0.5182926829268293,-0.15243902439024393,0.12195121951219513,0.0,0.0,0.0,42.75,-84.99,0.3,0
2024-07-24T01:05:37.547135,0,0,0,-0.5704345703125,-0.76904296875,-0.3961181640625,0.30487804878048785,0.0,-0.09146341463414635,0.0,0.0,0.0,42.75,-84.99,0.3,0
2024-07-24T01:05:37.560038,0,0,0,-0.5704345703125,-0.76708984375,-0.39990234375,0.8231707317073171,-0.12195121951219513,0.2134146341463415,0.0,0.0,0.0,42.75,-84.99,0.3,0
2024-07-24T01:05:37.573410,0,0,0,-0.569091796875,-0.7694091796875,-0.4019775390625,0.4573170731707317,-0.030487804878048783,0.15243902439024393,0.0,0.0,0.0,42.75,-84.99,0.3,0
2024-07-24T01:05:37.586665,0,0,0,-0.56982421875,-0.7689208984375,-0.398681640625,0.39634146341463417,-0.09146341463414635,0.09146341463414635,0.0,0.0,0.0,42.75,-84.99,0.3,0
2024-07-24T01:05:37.599507,0,0,0,-0.5679931640625,-0.7696533203125,-0.404296875,0.7317073170731708,-0.15243902439024393,0.1829268292682927,0.0,0.0,0.0,42.75,-84.99,0.3,0
2024-07-24T01:05:37.612581,0,0,0,-0.5654296875,-0.7669677734375,-0.39697265625,0.6402439024390244,-0.09146341463414635,0.09146341463414635,0.0,0.0,0.0,42.75,-84.99,0.3,0
2024-07-24T01:05:37.625971,0,0,0,-0.5711669921875,-0.7718505859375,-0.400390625,0.426829268292683,-0.15243902439024393,-0.030487804878048783,0.0,0.0,0.0,42.75,-84.99,0.3,0
2024-07-24T01:05:37.638529,0,0,0,-0.5731201171875,-0.7684326171875,-0.3966064453125,0.7317073170731708,0.1829268292682927,0.27439024390243905,0.0,0.0,0.0,42.75,-84.99,0.3,0
2024-07-24T01:05:37.651734,0,0,0,-0.5675048828125,-0.7669677734375,-0.4005126953125,0.6097560975609757,-0.3353658536585366,0.27439024390243905,0.0,0.0,0.0,42.75,-84.99,0.3,0
2024-07-24T01:05:37.664844,0,0,0,-0.5726318359375,-0.7694091796875,-0.4012451171875,0.6707317073170732,-0.06097560975609757,0.30487804878048785,0.0,0.0,0.0,42.75,-84.99,0.3,0
2024-07-24T01:05:37.677591,0,0,0,-0.5693359375,-0.7730712890625,-0.3988037109375,0.3658536585365854,-0.09146341463414635,0.12195121951219513,0.0,0.0,0.0,42.75,-84.99,0.3,0
2024-07-24T01:05:37.691177,0,0,0,-0.5657958984375,-0.769775390625,-0.3975830078125,0.6707317073170732,-0.030487804878048783,-0.06097560975609757,0.0,0.0,0.0,42.75,-84.99,0.3,0
2024-07-24T01:05:37.704436,0,0,0,-0.56787109375,-0.769775390625,-0.3975830078125,0.5792682926829269,-0.12195121951219513,0.06097560975609757,0.0,0.0,0.0,42.75,-84.99,0.3,0
2024-07-24T01:05:37.717919,0,0,0,-0.567626953125,-0.7696533203125,-0.4007568359375,0.4573170731707317,-0.12195121951219513,0.2134146341463415,0.0,0.0,0.0,42.75,-84.99,0.3,0
2024-07-24T01:05:37.730232,0,0,0,-0.568115234375,-0.7689208984375,-0.401123046875,0.7317073170731708,0.06097560975609757,0.2134146341463415,0.0,0.0,0.0,42.75,-84.99,0.3,0
2024-07-24T01:05:37.743233,0,0,0,-0.570068359375,-0.7684326171875,-0.3985595703125,0.48780487804878053,0.15243902439024393,0.15243902439024393,0.0,0.0,0.0,42.75,-84.99,0.3,0
2024-07-24T01:05:37.756541,0,0,0,-0.56884765625,-0.767578125,-0.40185546875,0.5182926829268293,-0.2134146341463415,-0.12195121951219513,0.0,0.0,0.0,42.75,-84.99,0.3,0
2024-07-24T01:05:37.770337,0,0,0,-0.5699462890625,-0.7744140625,-0.4012451171875,0.4573170731707317,0.06097560975609757,0.15243902439024393,0.0,0.0,0.0,42.75,-84.99,0.3,0
2024-07-24T01:05:37.782602,0,0,0,-0.566162109375,-0.7718505859375,-0.3980712890625,0.426829268292683,0.030487804878048783,0.1829268292682927,0.0,0.0,0.0,42.75,-84.99,0.3,0
2024-07-24T01:05:37.795550,0,0,0,-0.5699462890625,-0.7684326171875,-0.4017333984375,0.5792682926829269,-0.1829268292682927,0.09146341463414635,0.0,0.0,0.0,42.75,-84.99,0.3,0
2024-07-24T01:05:37.808618,0,0,0,-0.5672607421875,-0.767822265625,-0.40478515625,0.701219512195122,0.2134146341463415,0.30487804878048785,0.0,0.0,0.0,42.75,-84.99,0.3,0
2024-07-24T01:05:37.821706,0,0,0,-0.56982421875,-0.7694091796875,-0.3997802734375,0.27439024390243905,-0.27439024390243905,-0.09146341463414635,0.0,0.0,0.0,42.75,-84.99,0.3,0
2024-07-24T01:05:37.834632,0,0,0,-0.5699462890625,-0.77197265625,-0.3973388671875,0.7926829268292683,0.0,0.12195121951219513,0.0,0.0,0.0,42.75,-84.99,0.3,0
2024-07-24T01:05:37.847706,0,0,0,-0.56591796875,-0.7694091796875,-0.399658203125,0.5487804878048781,0.0,0.2134146341463415,0.0,0.0,0.0,42.75,-84.99,0.3,0
2024-07-24T01:05:37.860795,0,0,0,-0.571533203125,-0.7703857421875,-0.396728515625,0.4573170731707317,-0.1829268292682927,0.0,0.0,0.0,0.0,42.75,-84.99,0.3,0
2024-07-24T01:05:37.873859,0,0,0,-0.5718994140625,-0.7713623046875,-0.4022216796875,0.5182926829268293,0.030487804878048783,0.24390243902439027,0.0,0.0,0.0,42.75,-84.99,0.3,0
2024-07-24T01:05:37.886862,0,0,0,-0.5672607421875,-0.7685546875,-0.3973388671875,0.39634146341463417,0.06097560975609757,0.09146341463414635,0.0,0.0,0.0,42.75,-84.99,0.3,0
2024-07-24T01:05:37.899994,0,0,0,-0.56982421875,-0.769287109375,-0.4014892578125,0.5182926829268293,0.06097560975609757,-0.030487804878048783,0.0,0.0,0.0,42.75,-84.99,0.3,0
2024-07-24T01:05:37.913028,0,0,0,-0.56591796875,-0.767822265625,-0.3992919921875,0.5792682926829269,-0.15243902439024393,0.06097560975609757,0.0,0.0,0.0,42.75,-84.99,0.3,0
2024-07-24T01:05:37.926122,0,0,0,-0.568603515625,-0.7681884765625,-0.39794921875,0.4573170731707317,0.030487804878048783,0.27439024390243905,0.0,0.0,0.0,42.75,-84.99,0.3,0
2024-07-24T01:05:37.939235,0,0,0,-0.5693359375,-0.7694091796875,-0.3983154296875,0.6402439024390244,0.06097560975609757,-0.06097560975609757,0.0,0.0,0.0,42.75,-84.99,0.3,0
2024-07-24T01:05:37.952365,0,0,0,-0.5640869140625,-0.7705078125,-0.4012451171875,0.39634146341463417,-0.09146341463414635,0.0,0.0,0.0,0.0,42.75,-84.99,0.3,0
2024-07-24T01:05:37.965435,0,0,0,-0.5655517578125,-0.771728515625,-0.3958740234375,0.701219512195122,-0.1829268292682927,-0.030487804878048783,0.0,0.0,0.0,42.75,-84.99,0.3,0
2024-07-24T01:05:37.978563,0,0,0,-0.5643310546875,-0.771484375,-0.3968505859375,0.6402439024390244,0.24390243902439027,0.27439024390243905,0.0,0.0,0.0,42.75,-84.99,0.3,0
2024-07-24T01:05:37.992089,0,0,0,-0.5682373046875,-0.7652587890625,-0.40380859375,0.3658536585365854,-0.2134146341463415,0.24390243902439027,0.0,0.0,0.0,42.75,-84.99,0.3,0
2024-07-24T01:05:38.004921,0,0,0,-0.5692138671875,-0.7701416015625,-0.4013671875,0.6097560975609757,-0.1829268292682927,-0.12195121951219513,0.0,0.0,0.0,42.75,-84.99,0.3,0
2024-07-24T01:05:38.017764,0,0,0,-0.5672607421875,-0.7677001953125,-0.39697265625,0.426829268292683,0.030487804878048783,-0.06097560975609757,0.0,0.0,0.0,42.75,-84.99,0.3,0
2024-07-24T01:05:38.030849,0,0,0,-0.5673828125,-0.771240234375,-0.39599609375,0.5182926829268293,-0.12195121951219513,0.0,0.0,0.0,0.0,42.75,-84.99,0.3,0
2024-07-24T01:05:38.043843,0,0,0,-0.5697021484375,-0.766357421875,-0.39990234375,0.6097560975609757,0.0,0.2134146341463415,0.0,0.0,0.0,42.75,-84.99,0.3,0
2024-07-24T01:05:38.056963,0,0,0,-0.5731201171875,-0.7650146484375,-0.3983154296875,0.48780487804878053,0.030487804878048783,0.15243902439024393,0.0,0.0,0.0,42.75,-84.99,0.3,0
2024-07-24T01:05:38.069989,0,0,0,-0.5675048828125,-0.767578125,-0.4022216796875,0.6097560975609757,0.09146341463414635,0.06097560975609757,0.0,0.0,0.0,42.75,-84.99,0.3,0
2024-07-24T01:05:38.083060,0,0,0,-0.56494140625,-0.771240234375,-0.3994140625,0.3353658536585366,0.0,-0.1829268292682927,0.0,0.0,0.0,42.75,-84.99,0.3,0
2024-07-24T01:05:38.096107,0,0,0,-0.572509765625,-0.7742919921875,-0.3958740234375,0.48780487804878053,-0.1829268292682927,-0.09146341463414635,0.0,0.0,0.0,42.75,-84.99,0.3,0
2024-07-24T01:05:38.109245,0,0,0,-0.5673828125,-0.7681884765625,-0.4029541015625,0.701219512195122,0.15243902439024393,0.15243902439024393,0.0,0.0,0.0,42.75,-84.99,0.3,0
2024-07-24T01:05:38.122392,0,0,0,-0.567138671875,-0.7659912109375,-0.400146484375,0.6097560975609757,-0.15243902439024393,0.27439024390243905,0.0,0.0,0.0,42.75,-84.99,0.3,0
2024-07-24T01:05:38.135563,0,0,0,-0.569091796875,-0.767333984375,-0.4024658203125,0.48780487804878053,-0.12195121951219513,0.09146341463414635,0.0,0.0,0.0,42.75,-84.99,0.3,0
2024-07-24T01:05:38.148804,0,0,0,-0.570556640625,-0.7694091796875,-0.400634765625,0.5182926829268293,0.06097560975609757,-0.06097560975609757,0.0,0.0,0.0,42.75,-84.99,0.3,0
2024-07-24T01:05:38.161592,0,0,0,-0.5709228515625,-0.7674560546875,-0.3990478515625,0.426829268292683,-0.1829268292682927,0.06097560975609757,0.0,0.0,0.0,42.75,-84.99,0.3,0
2024-07-24T01:05:38.174743,0,0,0,-0.5665283203125,-0.766357421875,-0.3973388671875,0.7317073170731708,0.15243902439024393,0.12195121951219513,0.0,0.0,0.0,42.75,-84.99,0.3,0
2024-07-24T01:05:38.187895,0,0,0,-0.5660400390625,-0.773193359375,-0.39990234375,0.4573170731707317,-0.1829268292682927,0.1829268292682927,0.0,0.0,0.0,42.75,-84.99,0.3,0
2024-07-24T01:05:38.200747,0,0,0,-0.5665283203125,-0.770751953125,-0.400146484375,0.5792682926829269,0.0,0.0,0.0,0.0,0.0,42.75,-84.99,0.3,0
2024-07-24T01:05:38.213917,0,0,0,-0.56689453125,-0.7689208984375,-0.3984375,0.6097560975609757,0.15243902439024393,-0.1829268292682927,0.0,0.0,0.0,42.75,-84.99,0.3,0
2024-07-24T01:05:38.226884,0,0,0,-0.567626953125,-0.771484375,-0.40234375,0.5182926829268293,-0.06097560975609757,0.09146341463414635,0.0,0.0,0.0,42.75,-84.99,0.3,0
2024-07-24T01:05:38.240063,0,0,0,-0.5697021484375,-0.7713623046875,-0.3961181640625,0.701219512195122,0.030487804878048783,0.27439024390243905,0.0,0.0,0.0,42.75,-84.99,0.3,0
2024-07-24T01:05:38.253455,0,0,0,-0.56591796875,-0.76806640625,-0.3966064453125,0.701219512195122,-0.12195121951219513,0.1829268292682927,0.0,0.0,0.0,42.75,-84.99,0.3,0
2024-07-24T01:05:38.266473,0,0,0,-0.5723876953125,-0.768798828125,-0.4034423828125,0.6402439024390244,-0.09146341463414635,-0.12195121951219513,0.0,0.0,0.0,42.75,-84.99,0.3,0
2024-07-24T01:05:38.279602,0,0,0,-0.56884765625,-0.76904296875,-0.40185546875,0.5487804878048781,0.09146341463414635,-0.12195121951219513,0.0,0.0,0.0,42.75,-84.99,0.3,0
2024-07-24T01:05:38.292846,0,0,0,-0.5675048828125,-0.7724609375,-0.3975830078125,0.5792682926829269,-0.06097560975609757,0.0,0.0,0.0,0.0,42.75,-84.99,0.3,0
2024-07-24T01:05:38.305951,0,0,0,-0.568603515625,-0.7701416015625,-0.4007568359375,0.48780487804878053,-0.30487804878048785,0.4573170731707317,0.0,0.0,0.0,42.75,-84.99,0.3,0
2024-07-24T01:05:38.319031,0,0,0,-0.5670166015625,-0.7681884765625,-0.3978271484375,0.8231707317073171,0.0,0.09146341463414635,0.0,0.0,0.0,42.75,-84.99,0.3,0
2024-07-24T01:05:38.331906,0,0,0,-0.569580078125,-0.7735595703125,-0.39892578125,0.39634146341463417,-0.030487804878048783,-0.030487804878048783,0.0,0.0,0.0,42.75,-84.99,0.3,0
2024-07-24T01:05:38.345090,0,0,0,-0.569091796875,-0.77001953125,-0.4007568359375,0.7317073170731708,-0.030487804878048783,0.030487804878048783,0.0,0.0,0.0,42.75,-84.99,0.3,0
2024-07-24T01:05:38.358556,0,0,0,-0.5643310546875,-0.772705078125,-0.39892578125,0.39634146341463417,-0.1829268292682927,0.1829268292682927,0.0,0.0,0.0,42.75,-84.99,0.3,0
2024-07-24T01:05:38.371241,0,0,0,-0.568115234375,-0.7705078125,-0.398681640625,0.5182926829268293,-0.06097560975609757,0.2134146341463415,0.0,0.0,0.0,42.75,-84.99,0.3,0
2024-07-24T01:05:38.385655,0,0,0,-0.5628662109375,-0.767822265625,-0.4010009765625,0.8231707317073171,0.09146341463414635,0.48780487804878053,0.0,0.0,0.0,42.75,-84.99,0.3,0
2024-07-24T01:05:38.399004,0,0,0,-0.572265625,-0.7720947265625,-0.39697265625,0.3658536585365854,-0.24390243902439027,-0.06097560975609757,0.0,0.0,0.0,42.75,-84.99,0.3,0
2024-07-24T01:05:38.410902,0,0,0,-0.56884765625,-0.765869140625,-0.401611328125,0.5487804878048781,0.030487804878048783,-0.09146341463414635,0.0,0.0,0.0,42.75,-84.99,0.3,0
2024-07-24T01:05:38.423929,0,0,0,-0.5701904296875,-0.7724609375,-0.3980712890625,0.6707317073170732,0.1829268292682927,0.09146341463414635,0.0,0.0,0.0,42.75,-84.99,0.3,0
2024-07-24T01:05:38.436205,0,0,0,-0.564208984375,-0.7696533203125,-0.3992919921875,0.7926829268292683,-0.15243902439024393,0.39634146341463417,0.0,0.0,0.0,42.75,-84.99,0.3,0
2024-07-24T01:05:38.449276,0,0,0,-0.56787109375,-0.768310546875,-0.3994140625,0.5182926829268293,-0.09146341463414635,0.2134146341463415,0.0,0.0,0.0,42.75,-84.99,0.3,0
2024-07-24T01:05:38.462407,0,0,0,-0.5670166015625,-0.765869140625,-0.3995361328125,0.24390243902439027,0.15243902439024393,-0.06097560975609757,0.0,0.0,0.0,42.75,-84.99,0.3,0
2024-07-24T01:05:38.475749,0,0,0,-0.5625,-0.767822265625,-0.3975830078125,0.48780487804878053,-0.27439024390243905,-0.2134146341463415,0.0,0.0,0.0,42.75,-84.99,0.3,0
2024-07-24T01:05:38.488982,0,0,0,-0.5670166015625,-0.767333984375,-0.397705078125,0.6402439024390244,-0.12195121951219513,0.0,0.0,0.0,0.0,42.75,-84.99,0.3,0
2024-07-24T01:05:38.501621,0,0,0,-0.5701904296875,-0.767333984375,-0.3974609375,0.4573170731707317,-0.1829268292682927,0.39634146341463417,0.0,0.0,0.0,42.75,-84.99,0.3,0
2024-07-24T01:05:38.514885,0,0,0,-0.5733642578125,-0.7711181640625,-0.3974609375,0.701219512195122,-0.030487804878048783,0.1829268292682927,0.0,0.0,0.0,42.75,-84.99,0.3,0
2024-07-24T01:05:38.528123,0,0,0,-0.569580078125,-0.7684326171875,-0.3978271484375,0.39634146341463417,-0.09146341463414635,0.09146341463414635,0.0,0.0,0.0,42.75,-84.99,0.3,0
2024-07-24T01:05:38.541293,0,0,0,-0.569580078125,-0.772216796875,-0.39599609375,0.3658536585365854,-0.09146341463414635,-0.2134146341463415,0.0,0.0,0.0,42.75,-84.99,0.3,0
2024-07-24T01:05:38.554071,0,0,0,-0.5682373046875,-0.7685546875,-0.40087890625,0.5792682926829269,-0.030487804878048783,0.27439024390243905,0.0,0.0,0.0,42.75,-84.99,0.3,0
2024-07-24T01:05:38.567387,0,0,0,-0.5667724609375,-0.769287109375,-0.3995361328125,0.30487804878048785,0.030487804878048783,0.30487804878048785,0.0,0.0,0.0,42.75,-84.99,0.3,0
2024-07-24T01:05:38.580277,0,0,0,-0.568359375,-0.7645263671875,-0.3994140625,0.6402439024390244,-0.09146341463414635,0.030487804878048783,0.0,0.0,0.0,42.75,-84.99,0.3,0
2024-07-24T01:05:38.593504,0,0,0,-0.568115234375,-0.7684326171875,-0.3985595703125,0.24390243902439027,0.15243902439024393,0.0,0.0,0.0,0.0,42.75,-84.99,0.3,0
2024-07-24T01:05:38.606609,0,0,0,-0.5679931640625,-0.7691650390625,-0.39892578125,0.48780487804878053,0.0,-0.030487804878048783,0.0,0.0,0.0,42.75,-84.99,0.3,0
2024-07-24T01:05:38.619819,0,0,0,-0.5677490234375,-0.76611328125,-0.4039306640625,0.701219512195122,0.12195121951219513,0.3353658536585366,0.0,0.0,0.0,42.75,-84.99,0.3,0
2024-07-24T01:05:38.632849,0,0,0,-0.5677490234375,-0.77099609375,-0.3992919921875,0.30487804878048785,0.06097560975609757,0.24390243902439027,0.0,0.0,0.0,42.75,-84.99,0.3,0
2024-07-24T01:05:38.645841,0,0,0,-0.5699462890625,-0.766357421875,-0.3994140625,0.6707317073170732,-0.12195121951219513,-0.15243902439024393,0.0,0.0,0.0,42.75,-84.99,0.3,0
2024-07-24T01:05:38.658964,0,0,0,-0.5684814453125,-0.7647705078125,-0.3988037109375,0.5792682926829269,-0.12195121951219513,0.0,0.0,0.0,0.0,42.75,-84.99,0.3,0
2024-07-24T01:05:38.671653,0,0,0,-0.5694580078125,-0.7711181640625,-0.3980712890625,0.48780487804878053,-0.030487804878048783,0.0,0.0,0.0,0.0,42.75,-84.99,0.3,0
2024-07-24T01:05:38.684919,0,0,0,-0.5687255859375,-0.7738037109375,-0.397216796875,0.7926829268292683,0.09146341463414635,0.426829268292683,0.0,0.0,0.0,42.75,-84.99,0.3,0
2024-07-24T01:05:38.697838,0,0,0,-0.565673828125,-0.762939453125,-0.4036865234375,0.3353658536585366,0.2134146341463415,0.06097560975609757,0.0,0.0,0.0,42.75,-84.99,0.3,0
2024-07-24T01:05:38.710916,0,0,0,-0.571044921875,-0.766845703125,-0.40234375,0.5182926829268293,-0.2134146341463415,0.06097560975609757,0.0,0.0,0.0,42.75,-84.99,0.3,0
2024-07-24T01:05:38.723914,0,0,0,-0.567626953125,-0.773193359375,-0.402099609375,0.426829268292683,-0.09146341463414635,0.030487804878048783,0.0,0.0,0.0,42.75,-84.99,0.3,0
2024-07-24T01:05:38.736976,0,0,0,-0.5701904296875,-0.7708740234375,-0.396484375,0.5792682926829269,-0.06097560975609757,0.15243902439024393,0.0,0.0,0.0,42.75,-84.99,0.3,0
2024-07-24T01:05:38.750120,0,0,0,-0.569580078125,-0.767333984375,-0.3985595703125,0.6097560975609757,-0.030487804878048783,0.09146341463414635,0.0,0.0,0.0,42.75,-84.99,0.3,0
2024-07-24T01:05:38.763369,0,0,0,-0.5660400390625,-0.77099609375,-0.400634765625,0.5792682926829269,0.06097560975609757,0.09146341463414635,0.0,0.0,0.0,42.75,-84.99,0.3,0
2024-07-24T01:05:38.776531,0,0,0,-0.5621337890625,-0.767822265625,-0.3992919921875,0.5792682926829269,-0.24390243902439027,-0.030487804878048783,0.0,0.0,0.0,42.75,-84.99,0.3,0
2024-07-24T01:05:38.789580,0,0,0,-0.567626953125,-0.770263671875,-0.3983154296875,0.6097560975609757,0.30487804878048785,0.1829268292682927,0.0,0.0,0.0,42.75,-84.99,0.3,0
2024-07-24T01:05:38.802946,0,0,0,-0.5699462890625,-0.7691650390625,-0.4022216796875,0.5182926829268293,-0.030487804878048783,-0.09146341463414635,0.0,0.0,0.0,42.75,-84.99,0.3,0
2024-07-24T01:05:38.815641,0,0,0,-0.5723876953125,-0.7657470703125,-0.4017333984375,0.7926829268292683,0.0,0.2134146341463415,0.0,0.0,0.0,42.75,-84.99,0.3,0
2024-07-24T01:05:38.829045,0,0,0,-0.56494140625,-0.769287109375,-0.4017333984375,0.6097560975609757,0.1829268292682927,0.30487804878048785,0.0,0.0,0.0,42.75,-84.99,0.3,0
2024-07-24T01:05:38.844251,0,0,0,-0.5654296875,-0.764892578125,-0.4022216796875,0.5182926829268293,-0.09146341463414635,-0.06097560975609757,0.0,0.0,0.0,42.75,-84.99,0.3,0
2024-07-24T01:05:38.858380,0,0,0,-0.567138671875,-0.7689208984375,-0.3995361328125,0.6402439024390244,-0.2134146341463415,0.09146341463414635,0.0,0.0,0.0,42.75,-84.99,0.3,0
2024-07-24T01:05:38.870044,0,0,0,-0.5697021484375,-0.770751953125,-0.4012451171875,0.39634146341463417,-0.030487804878048783,0.15243902439024393,0.0,0.0,0.0,42.75,-84.99,0.3,0
2024-07-24T01:05:38.882776,0,0,0,-0.5694580078125,-0.769775390625,-0.39697265625,0.6707317073170732,-0.15243902439024393,0.09146341463414635,0.0,0.0,0.0,42.75,-84.99,0.3,0
2024-07-24T01:05:38.895715,0,0,0,-0.5672607421875,-0.7706298828125,-0.4005126953125,0.6097560975609757,-0.030487804878048783,0.30487804878048785,0.0,0.0,0.0,42.75,-84.99,0.3,0
2024-07-24T01:05:38.909021,0,0,0,-0.5679931640625,-0.7696533203125,-0.3997802734375,0.48780487804878053,-0.06097560975609757,0.030487804878048783,0.0,0.0,0.0,42.75,-84.99,0.3,0
2024-07-24T01:05:38.921949,0,0,0,-0.5689697265625,-0.7677001953125,-0.3994140625,0.8231707317073171,-0.15243902439024393,-0.1829268292682927,0.0,0.0,0.0,42.75,-84.99,0.3,0
2024-07-24T01:05:38.934926,0,0,0,-0.5657958984375,-0.7652587890625,-0.3978271484375,0.3658536585365854,0.12195121951219513,0.0,0.0,0.0,0.0,42.75,-84.99,0.3,0
2024-07-24T01:05:38.948244,0,0,0,-0.5687255859375,-0.7701416015625,-0.4000244140625,0.6097560975609757,0.0,0.24390243902439027,0.0,0.0,0.0,42.75,-84.99,0.3,0
2024-07-24T01:05:38.960206,0,0,0,-0.5694580078125,-0.765380859375,-0.39794921875,0.6402439024390244,-0.030487804878048783,0.12195121951219513,0.0,0.0,0.0,42.75,-84.99,0.3,0
2024-07-24T01:05:38.972928,0,0,0,-0.571044921875,-0.7698974609375,-0.4000244140625,0.5487804878048781,-0.24390243902439027,0.0,0.0,0.0,0.0,42.75,-84.99,0.3,0
2024-07-24T01:05:38.985613,0,0,0,-0.57373046875,-0.7724609375,-0.3980712890625,0.5487804878048781,-0.1829268292682927,-0.1829268292682927,0.0,0.0,0.0,42.75,-84.99,0.3,0
2024-07-24T01:05:38.999111,0,0,0,-0.56298828125,-0.7667236328125,-0.3988037109375,0.4573170731707317,0.0,-0.06097560975609757,0.0,0.0,0.0,42.75,-84.99,0.3,0
2024-07-24T01:05:39.011914,0,0,0,-0.5697021484375,-0.7672119140625,-0.39453125,0.4573170731707317,-0.15243902439024393,0.1829268292682927,0.0,0.0,0.0,42.75,-84.99,0.3,0
2024-07-24T01:05:39.024827,0,0,0,-0.569091796875,-0.7720947265625,-0.4005126953125,0.6402439024390244,0.06097560975609757,0.27439024390243905,0.0,0.0,0.0,42.75,-84.99,0.3,0
2024-07-24T01:05:39.037949,0,0,0,-0.5667724609375,-0.769287109375,-0.3956298828125,0.48780487804878053,-0.2134146341463415,0.06097560975609757,0.0,0.0,0.0,42.75,-84.99,0.3,0
2024-07-24T01:05:39.050974,0,0,0,-0.570556640625,-0.7655029296875,-0.3963623046875,0.7317073170731708,0.06097560975609757,0.030487804878048783,0.0,0.0,0.0,42.75,-84.99,0.3,0
2024-07-24T01:05:39.064381,0,0,0,-0.5665283203125,-0.7666015625,-0.4012451171875,0.5487804878048781,-0.030487804878048783,0.0,0.0,0.0,0.0,42.75,-84.99,0.3,0
2024-07-24T01:05:39.077380,0,0,0,-0.5689697265625,-0.77001953125,-0.3994140625,0.39634146341463417,0.0,0.12195121951219513,0.0,0.0,0.0,42.75,-84.99,0.3,0
2024-07-24T01:05:39.090522,0,0,0,-0.570068359375,-0.76611328125,-0.3997802734375,0.7621951219512195,0.30487804878048785,0.15243902439024393,0.0,0.0,0.0,42.75,-84.99,0.3,0
2024-07-24T01:05:39.103576,0,0,0,-0.5679931640625,-0.762939453125,-0.3992919921875,0.4573170731707317,0.09146341463414635,0.0,0.0,0.0,0.0,42.75,-84.99,0.3,0
2024-07-24T01:05:39.116684,0,0,0,-0.570068359375,-0.7679443359375,-0.402099609375,0.27439024390243905,-0.12195121951219513,-0.2134146341463415,0.0,0.0,0.0,42.75,-84.99,0.3,0
2024-07-24T01:05:39.129718,0,0,0,-0.5701904296875,-0.7689208984375,-0.39697265625,0.7317073170731708,0.09146341463414635,0.06097560975609757,0.0,0.0,0.0,42.75,-84.99,0.3,0
2024-07-24T01:05:39.142782,0,0,0,-0.566162109375,-0.769287109375,-0.39794921875,0.39634146341463417,-0.27439024390243905,0.3658536585365854,0.0,0.0,0.0,42.75,-84.99,0.3,0
2024-07-24T01:05:39.155866,0,0,0,-0.5738525390625,-0.7677001953125,-0.39892578125,0.4573170731707317,-0.09146341463414635,0.12195121951219513,0.0,0.0,0.0,42.75,-84.99,0.3,0
2024-07-24T01:05:39.169018,0,0,0,-0.565185546875,-0.7650146484375,-0.4027099609375,0.701219512195122,-0.2134146341463415,0.27439024390243905,0.0,0.0,0.0,42.75,-84.99,0.3,0
2024-07-24T01:05:39.182026,0,0,0,-0.5699462890625,-0.768310546875,-0.4029541015625,0.12195121951219513,-0.15243902439024393,0.06097560975609757,0.0,0.0,0.0,42.75,-84.99,0.3,0
2024-07-24T01:05:39.195096,0,0,0,-0.5675048828125,-0.767578125,-0.399658203125,0.4573170731707317,-0.1829268292682927,0.09146341463414635,0.0,0.0,0.0,42.75,-84.99,0.3,0
2024-07-24T01:05:39.208145,0,0,0,-0.5687255859375,-0.7679443359375,-0.3970947265625,0.4573170731707317,0.15243902439024393,0.2134146341463415,0.0,0.0,0.0,42.75,-84.99,0.3,0
2024-07-24T01:05:39.221230,0,0,0,-0.5667724609375,-0.766845703125,-0.399658203125,0.5487804878048781,0.030487804878048783,0.030487804878048783,0.0,0.0,0.0,42.75,-84.99,0.3,0
2024-07-24T01:05:39.234300,0,0,0,-0.5709228515625,-0.769775390625,-0.3975830078125,0.426829268292683,0.27439024390243905,0.30487804878048785,0.0,0.0,0.0,42.75,-84.99,0.3,0
2024-07-24T01:05:39.247429,0,0,0,-0.5655517578125,-0.77197265625,-0.3958740234375,0.30487804878048785,-0.15243902439024393,-0.030487804878048783,0.0,0.0,0.0,42.75,-84.99,0.3,0
2024-07-24T01:05:39.260498,0,0,0,-0.568115234375,-0.76953125,-0.400390625,0.9451219512195123,-0.030487804878048783,-0.09146341463414635,0.0,0.0,0.0,42.75,-84.99,0.3,0
2024-07-24T01:05:39.273571,0,0,0,-0.5660400390625,-0.7703857421875,-0.401611328125,0.426829268292683,0.06097560975609757,0.3353658536585366,0.0,0.0,0.0,42.75,-84.99,0.3,0
2024-07-24T01:05:39.286675,0,0,0,-0.5655517578125,-0.768310546875,-0.3956298828125,0.5182926829268293,-0.2134146341463415,0.12195121951219513,0.0,0.0,0.0,42.75,-84.99,0.3,0
2024-07-24T01:05:39.299784,0,0,0,-0.5687255859375,-0.7684326171875,-0.4000244140625,0.6097560975609757,0.3353658536585366,0.3658536585365854,0.0,0.0,0.0,42.75,-84.99,0.3,0
2024-07-24T01:05:39.312947,0,0,0,-0.568115234375,-0.771240234375,-0.3992919921875,0.3658536585365854,-0.06097560975609757,0.15243902439024393,0.0,0.0,0.0,42.75,-84.99,0.3,0
2024-07-24T01:05:39.325617,0,0,0,-0.5687255859375,-0.766357421875,-0.399169921875,0.30487804878048785,-0.2134146341463415,0.09146341463414635,0.0,0.0,0.0,42.75,-84.99,0.3,0
2024-07-24T01:05:39.338792,0,0,0,-0.5679931640625,-0.767578125,-0.3992919921875,0.6402439024390244,0.06097560975609757,0.27439024390243905,0.0,0.0,0.0,42.75,-84.99,0.3,0
2024-07-24T01:05:39.351815,0,0,0,-0.56640625,-0.7677001953125,-0.400146484375,0.6402439024390244,-0.12195121951219513,0.06097560975609757,0.0,0.0,0.0,42.75,-84.99,0.3,0
2024-07-24T01:05:39.365089,0,0,0,-0.5675048828125,-0.7694091796875,-0.4014892578125,0.5792682926829269,-0.030487804878048783,0.15243902439024393,0.0,0.0,0.0,42.75,-84.99,0.3,0
2024-07-24T01:05:39.378278,0,0,0,-0.564208984375,-0.765869140625,-0.396240234375,0.30487804878048785,-0.12195121951219513,0.09146341463414635,0.0,0.0,0.0,42.75,-84.99,0.3,0
2024-07-24T01:05:39.391350,0,0,0,-0.5654296875,-0.76708984375,-0.3984375,0.6707317073170732,-0.1829268292682927,-0.030487804878048783,0.0,0.0,0.0,42.75,-84.99,0.3,0
2024-07-24T01:05:39.404282,0,0,0,-0.5672607421875,-0.7691650390625,-0.3994140625,0.6402439024390244,-0.09146341463414635,0.24390243902439027,0.0,0.0,0.0,42.75,-84.99,0.3,0
2024-07-24T01:05:39.417391,0,0,0,-0.5677490234375,-0.76220703125,-0.3978271484375,0.5487804878048781,-0.15243902439024393,0.12195121951219513,0.0,0.0,0.0,42.75,-84.99,0.3,0
2024-07-24T01:05:39.432320,0,0,0,-0.56787109375,-0.768310546875,-0.3990478515625,0.4573170731707317,0.12195121951219513,0.1829268292682927,0.0,0.0,0.0,42.75,-84.99,0.3,0
2024-07-24T01:05:39.444099,0,0,0,-0.56689453125,-0.764892578125,-0.396484375,0.5182926829268293,0.030487804878048783,-0.12195121951219513,0.0,0.0,0.0,42.75,-84.99,0.3,0
2024-07-24T01:05:39.457569,0,0,0,-0.5634765625,-0.7694091796875,-0.3983154296875,0.48780487804878053,-0.06097560975609757,0.06097560975609757,0.0,0.0,0.0,42.75,-84.99,0.3,0
2024-07-24T01:05:39.469855,0,0,0,-0.56689453125,-0.76708984375,-0.3983154296875,0.6402439024390244,0.1829268292682927,0.15243902439024393,0.0,0.0,0.0,42.75,-84.99,0.3,0
2024-07-24T01:05:39.483470,0,0,0,-0.5682373046875,-0.7666015625,-0.3970947265625,0.39634146341463417,0.030487804878048783,0.3658536585365854,0.0,0.0,0.0,42.75,-84.99,0.3,0
2024-07-24T01:05:39.495800,0,0,0,-0.568359375,-0.767333984375,-0.39697265625,0.39634146341463417,0.0,-0.12195121951219513,0.0,0.0,0.0,42.75,-84.99,0.3,0
2024-07-24T01:05:39.509010,0,0,0,-0.5660400390625,-0.7706298828125,-0.3992919921875,0.5792682926829269,0.030487804878048783,-0.06097560975609757,0.0,0.0,0.0,42.75,-84.99,0.3,0
2024-07-24T01:05:39.521802,0,0,0,-0.5704345703125,-0.7708740234375,-0.39697265625,0.5487804878048781,-0.1829268292682927,-0.030487804878048783,0.0,0.0,0.0,42.75,-84.99,0.3,0
2024-07-24T01:05:39.535365,0,0,0,-0.5701904296875,-0.7642822265625,-0.4005126953125,0.6707317073170732,0.15243902439024393,0.3353658536585366,0.0,0.0,0.0,42.75,-84.99,0.3,0
2024-07-24T01:05:39.548542,0,0,0,-0.567626953125,-0.767578125,-0.4010009765625,0.5182926829268293,0.09146341463414635,0.27439024390243905,0.0,0.0,0.0,42.75,-84.99,0.3,0
2024-07-24T01:05:39.561629,0,0,0,-0.5682373046875,-0.7659912109375,-0.3966064453125,0.3353658536585366,0.030487804878048783,-0.09146341463414635,0.0,0.0,0.0,42.75,-84.99,0.3,0
2024-07-24T01:05:39.574886,0,0,0,-0.5679931640625,-0.770263671875,-0.3958740234375,0.701219512195122,0.030487804878048783,-0.12195121951219513,0.0,0.0,0.0,42.75,-84.99,0.3,0
2024-07-24T01:05:39.587804,0,0,0,-0.5694580078125,-0.77001953125,-0.3941650390625,0.6097560975609757,-0.030487804878048783,0.3353658536585366,0.0,0.0,0.0,42.75,-84.99,0.3,0
2024-07-24T01:05:39.601098,0,0,0,-0.5712890625,-0.7647705078125,-0.4019775390625,0.4573170731707317,-0.06097560975609757,0.48780487804878053,0.0,0.0,0.0,42.75,-84.99,0.3,0
2024-07-24T01:05:39.614847,0,0,0,-0.572021484375,-0.7689208984375,-0.4022216796875,0.6402439024390244,0.09146341463414635,0.15243902439024393,0.0,0.0,0.0,42.75,-84.99,0.3,0
2024-07-24T01:05:39.627991,0,0,0,-0.5723876953125,-0.7630615234375,-0.40234375,0.2134146341463415,0.030487804878048783,-0.030487804878048783,0.0,0.0,0.0,42.75,-84.99,0.3,0
2024-07-24T01:05:39.640708,0,0,0,-0.5679931640625,-0.766845703125,-0.39892578125,0.5792682926829269,0.06097560975609757,0.12195121951219513,0.0,0.0,0.0,42.75,-84.99,0.3,0
2024-07-24T01:05:39.653723,0,0,0,-0.56787109375,-0.7681884765625,-0.3958740234375,0.426829268292683,0.12195121951219513,0.3353658536585366,0.0,0.0,0.0,42.75,-84.99,0.3,0
2024-07-24T01:05:39.666967,0,0,0,-0.57177734375,-0.7652587890625,-0.399658203125,0.6402439024390244,0.06097560975609757,0.24390243902439027,0.0,0.0,0.0,42.75,-84.99,0.3,0
2024-07-24T01:05:39.680918,0,0,0,-0.5682373046875,-0.7666015625,-0.4007568359375,0.7317073170731708,0.030487804878048783,0.12195121951219513,0.0,0.0,0.0,42.75,-84.99,0.3,0
2024-07-24T01:05:39.693055,0,0,0,-0.5704345703125,-0.769287109375,-0.3966064453125,0.4573170731707317,-0.24390243902439027,-0.12195121951219513,0.0,0.0,0.0,42.75,-84.99,0.3,0
2024-07-24T01:05:39.706051,0,0,0,-0.5703125,-0.7698974609375,-0.403564453125,0.5487804878048781,0.1829268292682927,0.06097560975609757,0.0,0.0,0.0,42.75,-84.99,0.3,0
2024-07-24T01:05:39.719149,0,0,0,-0.5711669921875,-0.771728515625,-0.4013671875,0.5182926829268293,-0.06097560975609757,0.4573170731707317,0.0,0.0,0.0,42.75,-84.99,0.3,0
2024-07-24T01:05:39.731437,0,0,0,-0.5673828125,-0.7681884765625,-0.399169921875,0.5182926829268293,0.15243902439024393,0.1829268292682927,0.0,0.0,0.0,42.75,-84.99,0.3,0
2024-07-24T01:05:39.744502,0,0,0,-0.5694580078125,-0.7706298828125,-0.3975830078125,0.5182926829268293,-0.15243902439024393,0.1829268292682927,0.0,0.0,0.0,42.75,-84.99,0.3,0
2024-07-24T01:05:39.757580,0,0,0,-0.5638427734375,-0.769287109375,-0.4007568359375,0.5182926829268293,-0.15243902439024393,-0.09146341463414635,0.0,0.0,0.0,42.75,-84.99,0.3,0
2024-07-24T01:05:39.770742,0,0,0,-0.5701904296875,-0.769287109375,-0.398681640625,0.5487804878048781,-0.030487804878048783,0.12195121951219513,0.0,0.0,0.0,42.75,-84.99,0.3,0
2024-07-24T01:05:39.783909,0,0,0,-0.5701904296875,-0.769287109375,-0.3963623046875,0.3658536585365854,0.030487804878048783,0.06097560975609757,0.0,0.0,0.0,42.75,-84.99,0.3,0
2024-07-24T01:05:39.796511,0,0,0,-0.570068359375,-0.7672119140625,-0.3995361328125,0.5182926829268293,-0.09146341463414635,0.06097560975609757,0.0,0.0,0.0,42.75,-84.99,0.3,0
2024-07-24T01:05:39.810097,0,0,0,-0.56787109375,-0.765625,-0.40087890625,0.48780487804878053,-0.15243902439024393,0.15243902439024393,0.0,0.0,0.0,42.75,-84.99,0.3,0
2024-07-24T01:05:39.824948,0,0,0,-0.5673828125,-0.7684326171875,-0.3973388671875,0.5182926829268293,0.15243902439024393,0.15243902439024393,0.0,0.0,0.0,42.75,-84.99,0.3,0
2024-07-24T01:05:39.837886,0,0,0,-0.5689697265625,-0.7735595703125,-0.3978271484375,0.39634146341463417,-0.12195121951219513,0.12195121951219513,0.0,0.0,0.0,42.75,-84.99,0.3,0
2024-07-24T01:05:39.850944,0,0,0,-0.56396484375,-0.76708984375,-0.4022216796875,0.5182926829268293,0.09146341463414635,-0.030487804878048783,0.0,0.0,0.0,42.75,-84.99,0.3,0
2024-07-24T01:05:39.864022,0,0,0,-0.56591796875,-0.7667236328125,-0.3994140625,0.6097560975609757,-0.06097560975609757,0.2134146341463415,0.0,0.0,0.0,42.75,-84.99,0.3,0
2024-07-24T01:05:39.877116,0,0,0,-0.5660400390625,-0.768310546875,-0.4051513671875,0.8841463414634148,0.27439024390243905,0.1829268292682927,0.0,0.0,0.0,42.75,-84.99,0.3,0
2024-07-24T01:05:39.890238,0,0,0,-0.5672607421875,-0.7679443359375,-0.398193359375,0.27439024390243905,-0.24390243902439027,0.06097560975609757,0.0,0.0,0.0,42.75,-84.99,0.3,0
2024-07-24T01:05:39.903370,0,0,0,-0.5653076171875,-0.7706298828125,-0.3975830078125,0.7621951219512195,-0.06097560975609757,-0.09146341463414635,0.0,0.0,0.0,42.75,-84.99,0.3,0
2024-07-24T01:05:39.917013,0,0,0,-0.5709228515625,-0.770263671875,-0.401611328125,0.6097560975609757,0.30487804878048785,0.2134146341463415,0.0,0.0,0.0,42.75,-84.99,0.3,0
2024-07-24T01:05:39.929898,0,0,0,-0.567626953125,-0.7681884765625,-0.4044189453125,0.4573170731707317,-0.3353658536585366,0.030487804878048783,0.0,0.0,0.0,42.75,-84.99,0.3,0
2024-07-24T01:05:39.942535,0,0,0,-0.5679931640625,-0.7672119140625,-0.39794921875,0.9451219512195123,0.0,0.12195121951219513,0.0,0.0,0.0,42.75,-84.99,0.3,0
2024-07-24T01:05:39.955722,0,0,0,-0.566650390625,-0.76611328125,-0.4007568359375,0.5487804878048781,0.030487804878048783,0.12195121951219513,0.0,0.0,0.0,42.75,-84.99,0.3,0
2024-07-24T01:05:39.968656,0,0,0,-0.5675048828125,-0.7679443359375,-0.4014892578125,0.7621951219512195,-0.12195121951219513,0.09146341463414635,0.0,0.0,0.0,42.75,-84.99,0.3,0
2024-07-24T01:05:39.982185,0,0,0,-0.5687255859375,-0.7698974609375,-0.3956298828125,0.6402439024390244,0.15243902439024393,0.06097560975609757,0.0,0.0,0.0,42.75,-84.99,0.3,0
2024-07-24T01:05:39.995639,0,0,0,-0.562255859375,-0.7664794921875,-0.39990234375,0.4573170731707317,0.030487804878048783,0.06097560975609757,0.0,0.0,0.0,42.75,-84.99,0.3,0
2024-07-24T01:05:40.007968,0,0,0,-0.57080078125,-0.768310546875,-0.3985595703125,0.701219512195122,-0.09146341463414635,0.27439024390243905,0.0,0.0,0.0,42.75,-84.99,0.3,0
2024-07-24T01:05:40.020976,0,0,0,-0.56884765625,-0.7666015625,-0.39990234375,0.15243902439024393,0.06097560975609757,-0.030487804878048783,0.0,0.0,0.0,42.75,-84.99,0.3,0
2024-07-24T01:05:40.034077,0,0,0,-0.569580078125,-0.7718505859375,-0.3978271484375,0.48780487804878053,-0.12195121951219513,-0.2134146341463415,0.0,0.0,0.0,42.75,-84.99,0.3,0
2024-07-24T01:05:40.048028,0,0,0,-0.569580078125,-0.76708984375,-0.3980712890625,0.7926829268292683,0.27439024390243905,0.3353658536585366,0.0,0.0,0.0,42.75,-84.99,0.3,0
2024-07-24T01:05:40.060296,0,0,0,-0.5709228515625,-0.7705078125,-0.39990234375,0.4573170731707317,-0.12195121951219513,0.06097560975609757,0.0,0.0,0.0,42.75,-84.99,0.3,0
2024-07-24T01:05:40.073777,0,0,0,-0.5704345703125,-0.7718505859375,-0.4019775390625,0.39634146341463417,-0.06097560975609757,0.15243902439024393,0.0,0.0,0.0,42.75,-84.99,0.3,0
2024-07-24T01:05:40.086880,0,0,0,-0.565673828125,-0.7705078125,-0.40234375,0.701219512195122,0.15243902439024393,0.12195121951219513,0.0,0.0,0.0,42.75,-84.99,0.3,0
2024-07-24T01:05:40.100399,0,0,0,-0.564208984375,-0.771728515625,-0.4019775390625,0.6707317073170732,-0.06097560975609757,-0.06097560975609757,0.0,0.0,0.0,42.75,-84.99,0.3,0
2024-07-24T01:05:40.112951,0,0,0,-0.5677490234375,-0.7685546875,-0.399169921875,0.4573170731707317,-0.030487804878048783,0.27439024390243905,0.0,0.0,0.0,42.75,-84.99,0.3,0
2024-07-24T01:05:40.126535,0,0,0,-0.56787109375,-0.768798828125,-0.40185546875,0.426829268292683,-0.15243902439024393,0.24390243902439027,0.0,0.0,0.0,42.75,-84.99,0.3,0
2024-07-24T01:05:40.139252,0,0,0,-0.5689697265625,-0.7674560546875,-0.4049072265625,0.5792682926829269,0.09146341463414635,0.06097560975609757,0.0,0.0,0.0,42.75,-84.99,0.3,0
2024-07-24T01:05:40.152297,0,0,0,-0.5714111328125,-0.766845703125,-0.3974609375,0.39634146341463417,-0.27439024390243905,0.030487804878048783,0.0,0.0,0.0,42.75,-84.99,0.3,0
2024-07-24T01:05:40.165331,0,0,0,-0.5643310546875,-0.7677001953125,-0.3958740234375,0.3658536585365854,-0.3353658536585366,-0.030487804878048783,0.0,0.0,0.0,42.75,-84.99,0.3,0
2024-07-24T01:05:40.178336,0,0,0,-0.5677490234375,-0.77099609375,-0.4022216796875,0.5792682926829269,0.09146341463414635,0.3353658536585366,0.0,0.0,0.0,42.75,-84.99,0.3,0
2024-07-24T01:05:40.191032,0,0,0,-0.5655517578125,-0.7689208984375,-0.4010009765625,0.3353658536585366,0.0,0.3658536585365854,0.0,0.0,0.0,42.75,-84.99,0.3,0
2024-07-24T01:05:40.205733,0,0,0,-0.5662841796875,-0.76708984375,-0.39990234375,0.39634146341463417,-0.09146341463414635,0.09146341463414635,0.0,0.0,0.0,42.75,-84.99,0.3,0
2024-07-24T01:05:40.217423,0,0,0,-0.5662841796875,-0.76953125,-0.40087890625,0.8841463414634148,-0.2134146341463415,0.1829268292682927,0.0,0.0,0.0,42.75,-84.99,0.3,0
2024-07-24T01:05:40.230998,0,0,0,-0.5672607421875,-0.7664794921875,-0.4036865234375,0.48780487804878053,-0.09146341463414635,-0.12195121951219513,0.0,0.0,0.0,42.75,-84.99,0.3,0
2024-07-24T01:05:40.243568,0,0,0,-0.567138671875,-0.766845703125,-0.3975830078125,0.3658536585365854,-0.030487804878048783,-0.030487804878048783,0.0,0.0,0.0,42.75,-84.99,0.3,0
2024-07-24T01:05:40.256548,0,0,0,-0.571533203125,-0.76806640625,-0.400634765625,0.6402439024390244,-0.12195121951219513,-0.030487804878048783,0.0,0.0,0.0,42.75,-84.99,0.3,0
2024-07-24T01:05:40.270037,0,0,0,-0.56982421875,-0.7696533203125,-0.3985595703125,0.6097560975609757,-0.15243902439024393,0.24390243902439027,0.0,0.0,0.0,42.75,-84.99,0.3,0
2024-07-24T01:05:40.282945,0,0,0,-0.56640625,-0.7684326171875,-0.3961181640625,0.3353658536585366,-0.2134146341463415,0.30487804878048785,0.0,0.0,0.0,42.75,-84.99,0.3,0
2024-07-24T01:05:40.296492,0,0,0,-0.5672607421875,-0.770263671875,-0.396484375,0.15243902439024393,-0.030487804878048783,0.15243902439024393,0.0,0.0,0.0,42.75,-84.99,0.3,0
2024-07-24T01:05:40.308735,0,0,0,-0.5692138671875,-0.7708740234375,-0.402587890625,0.7317073170731708,-0.030487804878048783,0.1829268292682927,0.0,0.0,0.0,42.75,-84.99,0.3,0
2024-07-24T01:05:40.322497,0,0,0,-0.56884765625,-0.7666015625,-0.3988037109375,0.701219512195122,0.09146341463414635,0.27439024390243905,0.0,0.0,0.0,42.75,-84.99,0.3,0
2024-07-24T01:05:40.335949,0,0,0,-0.5687255859375,-0.76513671875,-0.395751953125,0.6097560975609757,-0.06097560975609757,0.15243902439024393,0.0,0.0,0.0,42.75,-84.99,0.3,0
2024-07-24T01:05:40.348176,0,0,0,-0.564453125,-0.767333984375,-0.400146484375,0.426829268292683,0.12195121951219513,0.06097560975609757,0.0,0.0,0.0,42.75,-84.99,0.3,0
2024-07-24T01:05:40.361128,0,0,0,-0.56591796875,-0.766845703125,-0.398681640625,0.5182926829268293,0.030487804878048783,-0.24390243902439027,0.0,0.0,0.0,42.75,-84.99,0.3,0
2024-07-24T01:05:40.374173,0,0,0,-0.5667724609375,-0.7694091796875,-0.3988037109375,0.7317073170731708,-0.09146341463414635,0.1829268292682927,0.0,0.0,0.0,42.75,-84.99,0.3,0
2024-07-24T01:05:40.388282,0,0,0,-0.5684814453125,-0.7684326171875,-0.3988037109375,0.48780487804878053,0.06097560975609757,0.39634146341463417,0.0,0.0,0.0,42.75,-84.99,0.3,0
2024-07-24T01:05:40.400582,0,0,0,-0.5677490234375,-0.7689208984375,-0.394775390625,0.5487804878048781,0.0,0.2134146341463415,0.0,0.0,0.0,42.75,-84.99,0.3,0
2024-07-24T01:05:40.413947,0,0,0,-0.564697265625,-0.7662353515625,-0.3985595703125,0.7621951219512195,0.09146341463414635,0.0,0.0,0.0,0.0,42.75,-84.99,0.3,0
2024-07-24T01:05:40.426571,0,0,0,-0.567138671875,-0.7677001953125,-0.3974609375,0.426829268292683,-0.030487804878048783,-0.030487804878048783,0.0,0.0,0.0,42.75,-84.99,0.3,0
2024-07-24T01:05:40.439877,0,0,0,-0.5665283203125,-0.76513671875,-0.3961181640625,0.701219512195122,-0.30487804878048785,-0.12195121951219513,0.0,0.0,0.0,42.75,-84.99,0.3,0
2024-07-24T01:05:40.453046,0,0,0,-0.5689697265625,-0.7657470703125,-0.3984375,0.7926829268292683,0.2134146341463415,0.30487804878048785,0.0,0.0,0.0,42.75,-84.99,0.3,0
2024-07-24T01:05:40.466522,0,0,0,-0.569091796875,-0.7681884765625,-0.400146484375,0.5792682926829269,0.030487804878048783,0.30487804878048785,0.0,0.0,0.0,42.75,-84.99,0.3,0
2024-07-24T01:05:40.478934,0,0,0,-0.56494140625,-0.7679443359375,-0.40087890625,0.39634146341463417,-0.09146341463414635,-0.12195121951219513,0.0,0.0,0.0,42.75,-84.99,0.3,0
2024-07-24T01:05:40.491947,0,0,0,-0.5655517578125,-0.7669677734375,-0.3978271484375,0.6097560975609757,-0.030487804878048783,0.12195121951219513,0.0,0.0,0.0,42.75,-84.99,0.3,0
2024-07-24T01:05:40.504911,0,0,0,-0.563720703125,-0.7685546875,-0.3975830078125,0.4573170731707317,-0.12195121951219513,0.12195121951219513,0.0,0.0,0.0,42.75,-84.99,0.3,0
2024-07-24T01:05:40.518069,0,0,0,-0.5712890625,-0.76513671875,-0.3975830078125,0.7317073170731708,0.09146341463414635,0.2134146341463415,0.0,0.0,0.0,42.75,-84.99,0.3,0
2024-07-24T01:05:40.531396,0,0,0,-0.5673828125,-0.7701416015625,-0.39892578125,0.701219512195122,0.12195121951219513,0.30487804878048785,0.0,0.0,0.0,42.75,-84.99,0.3,0
2024-07-24T01:05:40.544792,0,0,0,-0.569580078125,-0.775390625,-0.4005126953125,0.1829268292682927,-0.06097560975609757,-0.27439024390243905,0.0,0.0,0.0,42.75,-84.99,0.3,0
2024-07-24T01:05:40.557193,0,0,0,-0.5675048828125,-0.7701416015625,-0.3994140625,0.48780487804878053,0.2134146341463415,0.030487804878048783,0.0,0.0,0.0,42.75,-84.99,0.3,0
2024-07-24T01:05:40.570301,0,0,0,-0.5648193359375,-0.7708740234375,-0.399658203125,0.426829268292683,-0.09146341463414635,0.1829268292682927,0.0,0.0,0.0,42.75,-84.99,0.3,0
2024-07-24T01:05:40.584258,0,0,0,-0.566162109375,-0.76513671875,-0.4013671875,0.5792682926829269,0.0,0.39634146341463417,0.0,0.0,0.0,42.75,-84.99,0.3,0
2024-07-24T01:05:40.597082,0,0,0,-0.568359375,-0.767333984375,-0.3966064453125,0.3353658536585366,0.0,0.09146341463414635,0.0,0.0,0.0,42.75,-84.99,0.3,0
2024-07-24T01:05:40.609861,0,0,0,-0.571533203125,-0.7713623046875,-0.4002685546875,0.30487804878048785,-0.09146341463414635,-0.09146341463414635,0.0,0.0,0.0,42.75,-84.99,0.3,0
2024-07-24T01:05:40.623243,0,0,0,-0.566162109375,-0.765869140625,-0.403564453125,0.7926829268292683,-0.15243902439024393,0.12195121951219513,0.0,0.0,0.0,42.75,-84.99,0.3,0
2024-07-24T01:05:40.636571,0,0,0,-0.5675048828125,-0.7701416015625,-0.3994140625,0.30487804878048785,-0.09146341463414635,0.09146341463414635,0.0,0.0,0.0,42.75,-84.99,0.3,0
2024-07-24T01:05:40.649217,0,0,0,-0.5670166015625,-0.767578125,-0.400634765625,0.426829268292683,-0.27439024390243905,0.30487804878048785,0.0,0.0,0.0,42.75,-84.99,0.3,0
2024-07-24T01:05:40.662084,0,0,0,-0.569580078125,-0.7667236328125,-0.4014892578125,0.6097560975609757,0.030487804878048783,-0.06097560975609757,0.0,0.0,0.0,42.75,-84.99,0.3,0
2024-07-24T01:05:40.675053,0,0,0,-0.5684814453125,-0.767578125,-0.4002685546875,0.5182926829268293,-0.12195121951219513,-0.1829268292682927,0.0,0.0,0.0,42.75,-84.99,0.3,0
2024-07-24T01:05:40.688432,0,0,0,-0.5709228515625,-0.7647705078125,-0.39892578125,0.4573170731707317,-0.12195121951219513,0.30487804878048785,0.0,0.0,0.0,42.75,-84.99,0.3,0
2024-07-24T01:05:40.701323,0,0,0,-0.5628662109375,-0.7724609375,-0.3970947265625,0.4573170731707317,0.0,0.12195121951219513,0.0,0.0,0.0,42.75,-84.99,0.3,0
2024-07-24T01:05:40.714658,0,0,0,-0.569091796875,-0.7607421875,-0.39892578125,0.8231707317073171,-0.09146341463414635,0.12195121951219513,0.0,0.0,0.0,42.75,-84.99,0.3,0
2024-07-24T01:05:40.728483,0,0,0,-0.56591796875,-0.7703857421875,-0.4024658203125,0.48780487804878053,0.030487804878048783,-0.030487804878048783,0.0,0.0,0.0,42.75,-84.99,0.3,0
2024-07-24T01:05:40.741511,0,0,0,-0.567138671875,-0.7650146484375,-0.4012451171875,0.48780487804878053,-0.030487804878048783,0.0,0.0,0.0,0.0,42.75,-84.99,0.3,0
2024-07-24T01:05:40.754614,0,0,0,-0.565673828125,-0.767333984375,-0.3961181640625,0.5792682926829269,0.06097560975609757,0.3353658536585366,0.0,0.0,0.0,42.75,-84.99,0.3,0
2024-07-24T01:05:40.767751,0,0,0,-0.564697265625,-0.76708984375,-0.398681640625,0.4573170731707317,0.30487804878048785,0.030487804878048783,0.0,0.0,0.0,42.75,-84.99,0.3,0
2024-07-24T01:05:40.780318,0,0,0,-0.5718994140625,-0.77001953125,-0.4022216796875,0.6097560975609757,-0.06097560975609757,0.15243902439024393,0.0,0.0,0.0,42.75,-84.99,0.3,0
2024-07-24T01:05:40.792725,0,0,0,-0.5672607421875,-0.766845703125,-0.402099609375,0.426829268292683,-0.06097560975609757,0.15243902439024393,0.0,0.0,0.0,42.75,-84.99,0.3,0
2024-07-24T01:05:40.805810,0,0,0,-0.5699462890625,-0.77099609375,-0.3994140625,0.6402439024390244,-0.24390243902439027,0.09146341463414635,0.0,0.0,0.0,42.75,-84.99,0.3,0
2024-07-24T01:05:40.818863,0,0,0,-0.5706787109375,-0.769287109375,-0.4010009765625,0.5487804878048781,0.0,0.3353658536585366,0.0,0.0,0.0,42.75,-84.99,0.3,0
2024-07-24T01:05:40.831974,0,0,0,-0.5712890625,-0.7689208984375,-0.3985595703125,0.5792682926829269,-0.09146341463414635,0.2134146341463415,0.0,0.0,0.0,42.75,-84.99,0.3,0
2024-07-24T01:05:40.845165,0,0,0,-0.56640625,-0.768798828125,-0.4014892578125,0.39634146341463417,0.30487804878048785,0.030487804878048783,0.0,0.0,0.0,42.75,-84.99,0.3,0
2024-07-24T01:05:40.859038,0,0,0,-0.569091796875,-0.7666015625,-0.3990478515625,0.6707317073170732,0.0,0.0,0.0,0.0,0.0,42.75,-84.99,0.3,0
2024-07-24T01:05:40.871314,0,0,0,-0.5662841796875,-0.7684326171875,-0.3975830078125,0.3353658536585366,0.030487804878048783,0.15243902439024393,0.0,0.0,0.0,42.75,-84.99,0.3,0
2024-07-24T01:05:40.884488,0,0,0,-0.565673828125,-0.7674560546875,-0.3984375,0.7317073170731708,-0.030487804878048783,0.30487804878048785,0.0,0.0,0.0,42.75,-84.99,0.3,0
2024-07-24T01:05:40.897482,0,0,0,-0.5733642578125,-0.767333984375,-0.4005126953125,0.701219512195122,0.09146341463414635,0.2134146341463415,0.0,0.0,0.0,42.75,-84.99,0.3,0
2024-07-24T01:05:40.910713,0,0,0,-0.5667724609375,-0.7667236328125,-0.39501953125,0.48780487804878053,0.030487804878048783,0.12195121951219513,0.0,0.0,0.0,42.75,-84.99,0.3,0
2024-07-24T01:05:40.924016,0,0,0,-0.568115234375,-0.766845703125,-0.3961181640625,0.6707317073170732,-0.24390243902439027,0.06097560975609757,0.0,0.0,0.0,42.75,-84.99,0.3,0
2024-07-24T01:05:40.936882,0,0,0,-0.566650390625,-0.765869140625,-0.3975830078125,0.426829268292683,-0.06097560975609757,0.12195121951219513,0.0,0.0,0.0,42.75,-84.99,0.3,0
2024-07-24T01:05:40.950016,0,0,0,-0.5687255859375,-0.7677001953125,-0.3931884765625,0.5792682926829269,-0.2134146341463415,0.06097560975609757,0.0,0.0,0.0,42.75,-84.99,0.3,0
2024-07-24T01:05:40.963376,0,0,0,-0.5682373046875,-0.7664794921875,-0.4010009765625,0.5792682926829269,0.27439024390243905,0.2134146341463415,0.0,0.0,0.0,42.75,-84.99,0.3,0
2024-07-24T01:05:40.976860,0,0,0,-0.5689697265625,-0.769775390625,-0.40380859375,0.3353658536585366,-0.06097560975609757,0.1829268292682927,0.0,0.0,0.0,42.75,-84.99,0.3,0
2024-07-24T01:05:40.989910,0,0,0,-0.5706787109375,-0.7674560546875,-0.398193359375,0.6707317073170732,0.0,0.15243902439024393,0.0,0.0,0.0,42.75,-84.99,0.3,0
2024-07-24T01:05:41.002411,0,0,0,-0.56787109375,-0.7706298828125,-0.3995361328125,0.6097560975609757,0.09146341463414635,0.0,0.0,0.0,0.0,42.75,-84.99,0.3,0
2024-07-24T01:05:41.015073,0,0,0,-0.563720703125,-0.7720947265625,-0.397216796875,0.6097560975609757,-0.030487804878048783,0.12195121951219513,0.0,0.0,0.0,42.75,-84.99,0.3,0
2024-07-24T01:05:41.028241,0,0,0,-0.568359375,-0.766845703125,-0.3985595703125,0.7926829268292683,0.15243902439024393,0.48780487804878053,0.0,0.0,0.0,42.75,-84.99,0.3,0
2024-07-24T01:05:41.042083,0,0,0,-0.568603515625,-0.7681884765625,-0.3994140625,0.3658536585365854,-0.1829268292682927,0.06097560975609757,0.0,0.0,0.0,42.75,-84.99,0.3,0
2024-07-24T01:05:41.055549,0,0,0,-0.568603515625,-0.774658203125,-0.400390625,0.48780487804878053,-0.09146341463414635,-0.09146341463414635,0.0,0.0,0.0,42.75,-84.99,0.3,0
2024-07-24T01:05:41.067782,0,0,0,-0.5667724609375,-0.766845703125,-0.4036865234375,0.701219512195122,0.15243902439024393,0.15243902439024393,0.0,0.0,0.0,42.75,-84.99,0.3,0
2024-07-24T01:05:41.080443,0,0,0,-0.56591796875,-0.7685546875,-0.4022216796875,0.5182926829268293,-0.30487804878048785,0.12195121951219513,0.0,0.0,0.0,42.75,-84.99,0.3,0
2024-07-24T01:05:41.093778,0,0,0,-0.5670166015625,-0.766357421875,-0.39990234375,0.5487804878048781,0.030487804878048783,0.12195121951219513,0.0,0.0,0.0,42.75,-84.99,0.3,0
2024-07-24T01:05:41.107085,0,0,0,-0.5684814453125,-0.76904296875,-0.4000244140625,0.5182926829268293,0.06097560975609757,0.12195121951219513,0.0,0.0,0.0,42.75,-84.99,0.3,0
2024-07-24T01:05:41.120112,0,0,0,-0.570556640625,-0.7650146484375,-0.39794921875,0.701219512195122,0.0,0.1829268292682927,0.0,0.0,0.0,42.75,-84.99,0.3,0
2024-07-24T01:05:41.133119,0,0,0,-0.5692138671875,-0.7705078125,-0.3955078125,0.3658536585365854,0.09146341463414635,0.15243902439024393,0.0,0.0,0.0,42.75,-84.99,0.3,0
2024-07-24T01:05:41.146411,0,0,0,-0.5670166015625,-0.7674560546875,-0.40087890625,0.3353658536585366,-0.12195121951219513,0.030487804878048783,0.0,0.0,0.0,42.75,-84.99,0.3,0
2024-07-24T01:05:41.159327,0,0,0,-0.568603515625,-0.766845703125,-0.3995361328125,0.8841463414634148,0.09146341463414635,0.27439024390243905,0.0,0.0,0.0,42.75,-84.99,0.3,0
2024-07-24T01:05:41.172227,0,0,0,-0.567138671875,-0.771240234375,-0.401611328125,0.2134146341463415,0.0,0.3353658536585366,0.0,0.0,0.0,42.75,-84.99,0.3,0
2024-07-24T01:05:41.185370,0,0,0,-0.566162109375,-0.7672119140625,-0.395751953125,0.4573170731707317,-0.2134146341463415,0.030487804878048783,0.0,0.0,0.0,42.75,-84.99,0.3,0
2024-07-24T01:05:41.199421,0,0,0,-0.56982421875,-0.7685546875,-0.401611328125,0.7926829268292683,0.030487804878048783,0.2134146341463415,0.0,0.0,0.0,42.75,-84.99,0.3,0
2024-07-24T01:05:41.211654,0,0,0,-0.5697021484375,-0.765869140625,-0.40234375,0.48780487804878053,0.09146341463414635,0.06097560975609757,0.0,0.0,0.0,42.75,-84.99,0.3,0
2024-07-24T01:05:41.224877,0,0,0,-0.56787109375,-0.7685546875,-0.40185546875,0.6707317073170732,0.15243902439024393,0.0,0.0,0.0,0.0,42.75,-84.99,0.3,0
2024-07-24T01:05:41.237482,0,0,0,-0.5657958984375,-0.7711181640625,-0.396240234375,0.5182926829268293,0.30487804878048785,0.1829268292682927,0.0,0.0,0.0,42.75,-84.99,0.3,0
2024-07-24T01:05:41.250596,0,0,0,-0.568115234375,-0.7703857421875,-0.3973388671875,0.6402439024390244,-0.15243902439024393,0.12195121951219513,0.0,0.0,0.0,42.75,-84.99,0.3,0
2024-07-24T01:05:41.263737,0,0,0,-0.5716552734375,-0.7705078125,-0.39794921875,0.6097560975609757,0.09146341463414635,0.15243902439024393,0.0,0.0,0.0,42.75,-84.99,0.3,0
2024-07-24T01:05:41.277118,0,0,0,-0.5677490234375,-0.7657470703125,-0.3966064453125,0.27439024390243905,0.0,0.12195121951219513,0.0,0.0,0.0,42.75,-84.99,0.3,0
2024-07-24T01:05:41.290100,0,0,0,-0.5628662109375,-0.7657470703125,-0.39599609375,0.4573170731707317,-0.12195121951219513,0.030487804878048783,0.0,0.0,0.0,42.75,-84.99,0.3,0
2024-07-24T01:05:41.303336,0,0,0,-0.56982421875,-0.7686767578125,-0.3974609375,0.5182926829268293,0.06097560975609757,0.12195121951219513,0.0,0.0,0.0,42.75,-84.99,0.3,0
2024-07-24T01:05:41.316317,0,0,0,-0.5697021484375,-0.7728271484375,-0.3980712890625,0.6402439024390244,-0.1829268292682927,0.12195121951219513,0.0,0.0,0.0,42.75,-84.99,0.3,0
2024-07-24T01:05:41.329606,0,0,0,-0.5682373046875,-0.766845703125,-0.3994140625,0.6097560975609757,-0.1829268292682927,0.15243902439024393,0.0,0.0,0.0,42.75,-84.99,0.3,0
2024-07-24T01:05:41.342600,0,0,0,-0.5653076171875,-0.77001953125,-0.4002685546875,0.4573170731707317,0.12195121951219513,0.12195121951219513,0.0,0.0,0.0,42.75,-84.99,0.3,0
2024-07-24T01:05:41.355487,0,0,0,-0.5682373046875,-0.7640380859375,-0.3995361328125,0.426829268292683,-0.09146341463414635,0.1829268292682927,0.0,0.0,0.0,42.75,-84.99,0.3,0
2024-07-24T01:05:41.368744,0,0,0,-0.5701904296875,-0.7706298828125,-0.3992919921875,0.7317073170731708,-0.06097560975609757,0.06097560975609757,0.0,0.0,0.0,42.75,-84.99,0.3,0
2024-07-24T01:05:41.381957,0,0,0,-0.5711669921875,-0.7669677734375,-0.3980712890625,0.3658536585365854,-0.12195121951219513,0.24390243902439027,0.0,0.0,0.0,42.75,-84.99,0.3,0
2024-07-24T01:05:41.394925,0,0,0,-0.569091796875,-0.771240234375,-0.4005126953125,0.6402439024390244,-0.06097560975609757,0.24390243902439027,0.0,0.0,0.0,42.75,-84.99,0.3,0
2024-07-24T01:05:41.408408,0,0,0,-0.5660400390625,-0.763427734375,-0.3978271484375,0.48780487804878053,0.09146341463414635,0.06097560975609757,0.0,0.0,0.0,42.75,-84.99,0.3,0
2024-07-24T01:05:41.421945,0,0,0,-0.57080078125,-0.7703857421875,-0.40087890625,0.5792682926829269,0.06097560975609757,-0.12195121951219513,0.0,0.0,0.0,42.75,-84.99,0.3,0
2024-07-24T01:05:41.434451,0,0,0,-0.56884765625,-0.7672119140625,-0.4002685546875,0.7317073170731708,0.06097560975609757,0.39634146341463417,0.0,0.0,0.0,42.75,-84.99,0.3,0
2024-07-24T01:05:41.447265,0,0,0,-0.5706787109375,-0.769287109375,-0.3975830078125,0.24390243902439027,0.030487804878048783,0.0,0.0,0.0,0.0,42.75,-84.99,0.3,0
2024-07-24T01:05:41.460021,0,0,0,-0.5684814453125,-0.771240234375,-0.403564453125,0.48780487804878053,-0.06097560975609757,-0.15243902439024393,0.0,0.0,0.0,42.75,-84.99,0.3,0
2024-07-24T01:05:41.472926,0,0,0,-0.5631103515625,-0.772705078125,-0.401123046875,0.701219512195122,-0.15243902439024393,0.1829268292682927,0.0,0.0,0.0,42.75,-84.99,0.3,0
2024-07-24T01:05:41.486215,0,0,0,-0.5654296875,-0.763916015625,-0.4000244140625,0.426829268292683,0.06097560975609757,0.27439024390243905,0.0,0.0,0.0,42.75,-84.99,0.3,0
2024-07-24T01:05:41.499377,0,0,0,-0.567626953125,-0.7672119140625,-0.398193359375,0.5792682926829269,0.1829268292682927,0.27439024390243905,0.0,0.0,0.0,42.75,-84.99,0.3,0
2024-07-24T01:05:41.512452,0,0,0,-0.56640625,-0.764404296875,-0.402099609375,0.3353658536585366,-0.06097560975609757,-0.030487804878048783,0.0,0.0,0.0,42.75,-84.99,0.3,0
2024-07-24T01:05:41.525554,0,0,0,-0.568359375,-0.769775390625,-0.395263671875,0.5487804878048781,-0.15243902439024393,-0.15243902439024393,0.0,0.0,0.0,42.75,-84.99,0.3,0
2024-07-24T01:05:41.538832,0,0,0,-0.56396484375,-0.770751953125,-0.397705078125,0.7926829268292683,0.030487804878048783,0.39634146341463417,0.0,0.0,0.0,42.75,-84.99,0.3,0
2024-07-24T01:05:41.552220,0,0,0,-0.5706787109375,-0.7664794921875,-0.3968505859375,0.3658536585365854,-0.12195121951219513,0.12195121951219513,0.0,0.0,0.0,42.75,-84.99,0.3,0
2024-07-24T01:05:41.564695,0,0,0,-0.569580078125,-0.7642822265625,-0.3983154296875,0.48780487804878053,-0.030487804878048783,0.15243902439024393,0.0,0.0,0.0,42.75,-84.99,0.3,0
2024-07-24T01:05:41.577934,0,0,0,-0.568603515625,-0.7689208984375,-0.3970947265625,0.5792682926829269,0.09146341463414635,0.0,0.0,0.0,0.0,42.75,-84.99,0.3,0
2024-07-24T01:05:41.590945,0,0,0,-0.568115234375,-0.7725830078125,-0.3997802734375,0.5182926829268293,-0.24390243902439027,-0.12195121951219513,0.0,0.0,0.0,42.75,-84.99,0.3,0
2024-07-24T01:05:41.604105,0,0,0,-0.5626220703125,-0.767578125,-0.4010009765625,0.6707317073170732,0.0,0.1829268292682927,0.0,0.0,0.0,42.75,-84.99,0.3,0
2024-07-24T01:05:41.617090,0,0,0,-0.5704345703125,-0.765869140625,-0.402099609375,0.48780487804878053,-0.030487804878048783,0.30487804878048785,0.0,0.0,0.0,42.75,-84.99,0.3,0
2024-07-24T01:05:41.630220,0,0,0,-0.57177734375,-0.769775390625,-0.4034423828125,0.5792682926829269,0.30487804878048785,0.09146341463414635,0.0,0.0,0.0,42.75,-84.99,0.3,0
2024-07-24T01:05:41.643376,0,0,0,-0.563232421875,-0.7672119140625,-0.400634765625,0.426829268292683,-0.06097560975609757,0.06097560975609757,0.0,0.0,0.0,42.75,-84.99,0.3,0
2024-07-24T01:05:41.656310,0,0,0,-0.5703125,-0.7716064453125,-0.396240234375,0.39634146341463417,-0.3353658536585366,-0.2134146341463415,0.0,0.0,0.0,42.75,-84.99,0.3,0
2024-07-24T01:05:41.669410,0,0,0,-0.5672607421875,-0.7646484375,-0.396728515625,0.5792682926829269,-0.030487804878048783,0.24390243902439027,0.0,0.0,0.0,42.75,-84.99,0.3,0
2024-07-24T01:05:41.682462,0,0,0,-0.5648193359375,-0.7701416015625,-0.3994140625,0.24390243902439027,-0.15243902439024393,0.5487804878048781,0.0,0.0,0.0,42.75,-84.99,0.3,0
2024-07-24T01:05:41.695602,0,0,0,-0.56689453125,-0.7672119140625,-0.3939208984375,0.27439024390243905,0.0,0.030487804878048783,0.0,0.0,0.0,42.75,-84.99,0.3,0
2024-07-24T01:05:41.708713,0,0,0,-0.563720703125,-0.7686767578125,-0.3980712890625,0.5487804878048781,-0.09146341463414635,0.1829268292682927,0.0,0.0,0.0,42.75,-84.99,0.3,0
2024-07-24T01:05:41.723121,0,0,0,-0.5673828125,-0.76953125,-0.3970947265625,0.5182926829268293,-0.27439024390243905,0.0,0.0,0.0,0.0,42.75,-84.99,0.3,0
2024-07-24T01:05:41.734764,0,0,0,-0.56689453125,-0.76806640625,-0.3944091796875,0.701219512195122,-0.09146341463414635,0.30487804878048785,0.0,0.0,0.0,42.75,-84.99,0.3,0
2024-07-24T01:05:41.747963,0,0,0,-0.5660400390625,-0.7705078125,-0.3997802734375,0.39634146341463417,0.1829268292682927,0.4573170731707317,0.0,0.0,0.0,42.75,-84.99,0.3,0
2024-07-24T01:05:41.761105,0,0,0,-0.5704345703125,-0.768798828125,-0.4002685546875,0.426829268292683,-0.24390243902439027,0.0,0.0,0.0,0.0,42.75,-84.99,0.3,0
2024-07-24T01:05:41.774112,0,0,0,-0.5662841796875,-0.7705078125,-0.3958740234375,0.6097560975609757,-0.09146341463414635,0.030487804878048783,0.0,0.0,0.0,42.75,-84.99,0.3,0
2024-07-24T01:05:41.787103,0,0,0,-0.567626953125,-0.7672119140625,-0.396484375,0.5182926829268293,-0.09146341463414635,-0.2134146341463415,0.0,0.0,0.0,42.75,-84.99,0.3,0
2024-07-24T01:05:41.800141,0,0,0,-0.5687255859375,-0.767822265625,-0.39599609375,0.7621951219512195,0.0,0.24390243902439027,0.0,0.0,0.0,42.75,-84.99,0.3,0
2024-07-24T01:05:41.813169,0,0,0,-0.5684814453125,-0.7667236328125,-0.4013671875,0.7926829268292683,0.1829268292682927,0.27439024390243905,0.0,0.0,0.0,42.75,-84.99,0.3,0
2024-07-24T01:05:41.826379,0,0,0,-0.5677490234375,-0.767822265625,-0.402587890625,0.1829268292682927,-0.030487804878048783,-0.2134146341463415,0.0,0.0,0.0,42.75,-84.99,0.3,0
2024-07-24T01:05:41.839442,0,0,0,-0.568115234375,-0.7711181640625,-0.40234375,0.5792682926829269,0.12195121951219513,-0.12195121951219513,0.0,0.0,0.0,42.75,-84.99,0.3,0
2024-07-24T01:05:41.852429,0,0,0,-0.5673828125,-0.77099609375,-0.4012451171875,0.3658536585365854,0.0,-0.030487804878048783,0.0,0.0,0.0,42.75,-84.99,0.3,0
2024-07-24T01:05:41.865536,0,0,0,-0.5697021484375,-0.7698974609375,-0.39794921875,0.5182926829268293,0.15243902439024393,0.30487804878048785,0.0,0.0,0.0,42.75,-84.99,0.3,0
2024-07-24T01:05:41.878575,0,0,0,-0.5667724609375,-0.7691650390625,-0.3990478515625,0.426829268292683,0.09146341463414635,0.48780487804878053,0.0,0.0,0.0,42.75,-84.99,0.3,0
2024-07-24T01:05:41.891877,0,0,0,-0.5679931640625,-0.766357421875,-0.3963623046875,0.39634146341463417,-0.12195121951219513,-0.09146341463414635,0.0,0.0,0.0,42.75,-84.99,0.3,0
2024-07-24T01:05:41.904816,0,0,0,-0.56787109375,-0.7684326171875,-0.3994140625,0.4573170731707317,0.09146341463414635,0.030487804878048783,0.0,0.0,0.0,42.75,-84.99,0.3,0
2024-07-24T01:05:41.917917,0,0,0,-0.568603515625,-0.7713623046875,-0.3983154296875,0.3658536585365854,0.15243902439024393,0.15243902439024393,0.0,0.0,0.0,42.75,-84.99,0.3,0
2024-07-24T01:05:41.931470,0,0,0,-0.5692138671875,-0.76904296875,-0.3968505859375,0.4573170731707317,-0.12195121951219513,0.24390243902439027,0.0,0.0,0.0,42.75,-84.99,0.3,0
2024-07-24T01:05:41.944258,0,0,0,-0.5701904296875,-0.7691650390625,-0.399658203125,0.9146341463414634,0.2134146341463415,0.27439024390243905,0.0,0.0,0.0,42.75,-84.99,0.3,0
2024-07-24T01:05:41.957185,0,0,0,-0.5684814453125,-0.7691650390625,-0.4044189453125,0.2134146341463415,-0.12195121951219513,-0.1829268292682927,0.0,0.0,0.0,42.75,-84.99,0.3,0
2024-07-24T01:05:41.970372,0,0,0,-0.569580078125,-0.76953125,-0.396484375,0.5792682926829269,0.12195121951219513,0.030487804878048783,0.0,0.0,0.0,42.75,-84.99,0.3,0
2024-07-24T01:05:41.983363,0,0,0,-0.568359375,-0.7720947265625,-0.4010009765625,0.6097560975609757,0.12195121951219513,0.15243902439024393,0.0,0.0,0.0,42.75,-84.99,0.3,0
2024-07-24T01:05:41.996316,0,0,0,-0.572265625,-0.7684326171875,-0.3995361328125,0.48780487804878053,-0.030487804878048783,0.15243902439024393,0.0,0.0,0.0,42.75,-84.99,0.3,0
2024-07-24T01:05:42.009391,0,0,0,-0.569091796875,-0.766845703125,-0.4033203125,0.5182926829268293,0.15243902439024393,0.15243902439024393,0.0,0.0,0.0,42.75,-84.99,0.3,0
2024-07-24T01:05:42.022485,0,0,0,-0.569091796875,-0.7708740234375,-0.3974609375,0.5792682926829269,-0.12195121951219513,0.06097560975609757,0.0,0.0,0.0,42.75,-84.99,0.3,0
2024-07-24T01:05:42.035780,0,0,0,-0.56982421875,-0.7686767578125,-0.398681640625,0.426829268292683,0.0,0.09146341463414635,0.0,0.0,0.0,42.75,-84.99,0.3,0
2024-07-24T01:05:42.048662,0,0,0,-0.5694580078125,-0.7659912109375,-0.40087890625,0.5182926829268293,0.12195121951219513,0.1829268292682927,0.0,0.0,0.0,42.75,-84.99,0.3,0
2024-07-24T01:05:42.061751,0,0,0,-0.5704345703125,-0.76806640625,-0.3997802734375,0.39634146341463417,0.0,0.1829268292682927,0.0,0.0,0.0,42.75,-84.99,0.3,0
2024-07-24T01:05:42.074906,0,0,0,-0.567626953125,-0.766845703125,-0.40185546875,0.9451219512195123,0.15243902439024393,0.27439024390243905,0.0,0.0,0.0,42.75,-84.99,0.3,0
